id_data,id_estm,id_fold,roc,prauc,sens,spec,gmean,score,tp,tn,fp,fn,sp0,sp1,p0,p1,r0,r1,fs0,fs1,ber,bcr,momentum,avg_prec_score,max_iter,matthews_corrcoef,accuracy,prec_score,power_t,learning_rate_init,f1_score,tol,fbeta_score,imb_sens_micro,hamming_loss,warm_start,log_loss,zero_one_loss,alpha,imb_spec_micro,roc_auc_score,cohen_kappa_score,rec_score
HOS,0,4.5,0.6886557177990874,0.4912586427213669,0.6854517611026034,0.5771958098307817,0.5812259634699168,0.614519535374868,447.6,716.3,524.7,205.4,1241.0,653.0,0.6994688863340591,0.47405198286441086,0.5771958098307817,0.6854517611026034,0.6324107854977968,0.5533367485563161,0.3145482388973966,0.6854517611026034,0.9000000000000001,0.42884115728814926,1000.0,0.250567340886083,0.614519535374868,0.614519535374868,0.5,0.0010000000000000002,0.614519535374868,0.00010000000000000002,0.614519535374868,0.614519535374868,0.385480464625132,False,13.31424508695666,0.38548046462513197,1.0,0.614519535374868,0.6313237854666924,0.2435103273520393,0.614519535374868
HOS,1,4.5,0.6895350659511114,0.4908610999949121,0.6416539050535988,0.6483481063658341,0.6449171279937886,0.646040126715945,419.0,804.6,436.4,234.0,1241.0,653.0,0.7747377378332072,0.489888868022908,0.6483481063658341,0.6416539050535988,0.7058756161238895,0.5555315870833881,0.3583460949464012,0.6416539050535988,0.9000000000000001,0.4378728843483638,1000.0,0.27702343867037216,0.646040126715945,0.646040126715945,0.5,0.0010000000000000002,0.646040126715945,0.00010000000000000002,0.646040126715945,0.646040126715945,0.35395987328405487,False,12.225525152833505,0.3539598732840549,1.0,0.646040126715945,0.6450010057097164,0.2701709210450396,0.646040126715945
HOS,2,4.5,0.6873403975700079,0.4874457699620599,0.6346094946401224,0.651248992747784,0.6421009119913774,0.6455121436114044,414.4,808.2,432.8,238.6,1241.0,653.0,0.772559738671476,0.489582827457654,0.651248992747784,0.6346094946401224,0.7062065056903701,0.5521108900933352,0.3653905053598775,0.6346094946401224,0.9000000000000001,0.4364606889660606,1000.0,0.2737366913164776,0.6455121436114044,0.6455121436114044,0.5,0.0010000000000000002,0.6455121436114044,0.00010000000000000002,0.6455121436114044,0.6455121436114044,0.3544878563885956,False,12.243759523395365,0.3544878563885956,1.0,0.6455121436114044,0.6429292436939533,0.2670272599288205,0.6455121436114044
HOS,3,4.5,0.6840239001052603,0.4836130973106772,0.6290964777947934,0.467767929089444,0.2974324822362263,0.523389651531151,410.8,580.5,660.5,242.2,1241.0,653.0,0.8183437190117908,0.38684441426602906,0.467767929089444,0.6290964777947934,0.4475403680004284,0.4073613617267272,0.3709035222052067,0.6290964777947934,0.9000000000000001,0.37450347640338494,1000.0,0.1232821463703448,0.523389651531151,0.523389651531151,0.5,0.0010000000000000002,0.523389651531151,0.00010000000000000002,0.523389651531151,0.523389651531151,0.47661034846884903,False,16.46181709914916,0.47661034846884903,1.0,0.523389651531151,0.5484322034421186,0.08990035155744638,0.523389651531151
HOS,4,4.5,0.684403354998254,0.483592362336802,0.689739663093415,0.37832393231265116,0.2082130225830102,0.48569165786694823,450.4,469.5,771.5,202.6,1241.0,653.0,0.5528539321587541,0.36288387902830477,0.37832393231265116,0.689739663093415,0.3530771143520208,0.4155813836760607,0.310260336906585,0.689739663093415,0.9000000000000001,0.3660684185955344,1000.0,0.08059652882681834,0.48569165786694823,0.48569165786694823,0.5,0.0010000000000000002,0.48569165786694823,0.00010000000000000002,0.48569165786694823,0.48569165786694823,0.5143083421330518,False,17.76390653416045,0.5143083421330517,1.0,0.48569165786694823,0.5340317977030331,0.06406117261984827,0.48569165786694823
HOS,5,4.5,0.5332153835332618,0.3748123597964147,0.6,0.4,0.0,0.4689545934530095,391.8,496.4,744.6,261.2,1241.0,653.0,0.262090813093981,0.20686378035902853,0.4,0.6,0.31668261562998407,0.3076560659599529,0.4,0.6,0.9000000000000001,0.3447729672650475,1000.0,0.0,0.4689545934530095,0.4689545934530095,0.5,0.0010000000000000002,0.4689545934530095,0.00010000000000000002,0.4689545934530095,0.4689545934530095,0.5310454065469905,False,18.341972902981883,0.5310454065469905,1.0,0.4689545934530095,0.5,0.0,0.4689545934530095
HOS,6,4.5,0.6929991497742398,0.49972593938586385,0.6699846860643185,0.6361804995970991,0.6527736027086115,0.6478352692713834,437.5,789.5,451.5,215.5,1241.0,653.0,0.7856556490145914,0.49214832752868204,0.6361804995970991,0.6699846860643185,0.7029976622977043,0.5673948423128571,0.3300153139356814,0.6699846860643185,0.9000000000000001,0.44351957430506,1000.0,0.2916397821147035,0.6478352692713834,0.6478352692713834,0.5,0.0010000000000000002,0.6478352692713834,0.00010000000000000002,0.6478352692713834,0.6478352692713834,0.3521647307286167,False,12.163529500340633,0.3521647307286167,0.09999999999999999,0.6478352692713834,0.6530825928307089,0.28200399066147724,0.6478352692713834
HOS,7,4.5,0.7028320292013678,0.5319145805938355,0.6630934150076568,0.6457695406929896,0.6543095934914396,0.6517423442449841,433.0,801.4,439.6,220.0,1241.0,653.0,0.7846230676266176,0.49632385976683596,0.6457695406929896,0.6630934150076568,0.7083996478287883,0.5676533122261446,0.33690658499234305,0.6630934150076568,0.9000000000000001,0.44523801851783296,1000.0,0.2945741165705603,0.6517423442449841,0.6517423442449841,0.5,0.0010000000000000002,0.6517423442449841,0.00010000000000000002,0.6517423442449841,0.6517423442449841,0.34825765575501577,False,12.02857888759947,0.34825765575501577,0.09999999999999999,0.6517423442449841,0.6544314778503232,0.28610410632579253,0.6517423442449841
HOS,8,4.5,0.7190730688213945,0.5535820881063532,0.6761102603369067,0.6626913779210313,0.6691972956411572,0.6673178458289335,441.5,822.4,418.6,211.5,1241.0,653.0,0.7955447174835981,0.5134822341506997,0.6626913779210313,0.6761102603369067,0.7229336173175818,0.583526942407509,0.3238897396630934,0.6761102603369067,0.9000000000000001,0.45881719995538883,1000.0,0.3235707732144048,0.6673178458289335,0.6673178458289335,0.5,0.0010000000000000002,0.6673178458289335,0.00010000000000000002,0.6673178458289335,0.6673178458289335,0.33268215417106656,False,11.490611255500264,0.3326821541710665,0.09999999999999999,0.6673178458289335,0.669400819128969,0.3151477523227989,0.6673178458289335
HOS,9,4.5,0.6936877215800624,0.5004016111647462,0.6692189892802451,0.6330378726833199,0.6508312763979698,0.6455121436114044,437.0,785.6,455.4,216.0,1241.0,653.0,0.7843595273557317,0.4897527368598521,0.6330378726833199,0.6692189892802451,0.7005815822062498,0.5655500278277615,0.33078101071975496,0.6692189892802451,0.9000000000000001,0.44178031815083585,1000.0,0.2878406103089224,0.6455121436114044,0.6455121436114044,0.5,0.0010000000000000002,0.6455121436114044,0.00010000000000000002,0.6455121436114045,0.6455121436114044,0.3544878563885956,False,12.243769064526264,0.3544878563885956,0.09999999999999999,0.6455121436114044,0.6511284309817824,0.2781207859854252,0.6455121436114044
HOS,10,4.5,0.6984294886428843,0.5226983719397535,0.6647779479326188,0.6395648670427074,0.651946003465145,0.6482576557550159,434.1,793.7,447.3,218.9,1241.0,653.0,0.7838832945457587,0.4926094959761905,0.6395648670427074,0.6647779479326188,0.7043260466332739,0.5657997543434827,0.3352220520673813,0.6647779479326188,0.9000000000000001,0.4430139433307653,1000.0,0.29008326571946885,0.6482576557550159,0.6482576557550159,0.5,0.0010000000000000002,0.6482576557550159,0.00010000000000000002,0.6482576557550159,0.6482576557550159,0.3517423442449842,False,12.148939014899698,0.35174234424498413,0.09999999999999999,0.6482576557550159,0.6521714074876631,0.28107069239928867,0.6482576557550159
HOS,11,4.5,0.6841394024726886,0.4850673240810582,0.5594180704441041,0.5655922643029815,0.3162196628385222,0.5634635691657867,365.3,701.9,539.1,287.7,1241.0,653.0,0.7838136535010768,0.31063702397191667,0.5655922643029815,0.5594180704441041,0.5390498981176985,0.3795834483354012,0.4405819295558958,0.5594180704441041,0.9000000000000001,0.38423080506478985,1000.0,0.12767470692669802,0.5634635691657867,0.5634635691657867,0.5,0.0010000000000000002,0.5634635691657867,0.00010000000000000002,0.5634635691657868,0.5634635691657867,0.43653643083421334,False,15.077661766782876,0.43653643083421334,0.09999999999999999,0.5634635691657867,0.5625051673735427,0.11327342384427844,0.5634635691657867
HOS,12,4.5,0.6784348688813671,0.48957719289955054,0.703062787136294,0.570668815471394,0.5958722586398144,0.6163146779303063,459.1,708.2,532.8,193.9,1241.0,653.0,0.7755202949480674,0.4758385909040267,0.570668815471394,0.703062787136294,0.6326322571892885,0.5611098353097506,0.29693721286370595,0.703062787136294,0.9000000000000001,0.43273421864347067,1000.0,0.26117214865860855,0.6163146779303063,0.6163146779303063,0.5,0.0010000000000000002,0.6163146779303063,0.00010000000000000002,0.6163146779303063,0.6163146779303063,0.38368532206969375,False,13.25224647924625,0.38368532206969375,0.00010000000000000002,0.6163146779303063,0.6368658013038441,0.25172774888934374,0.6163146779303063
HOS,13,4.5,0.7233323420202795,0.5604770705212778,0.6967840735068913,0.6498791297340855,0.672876306783625,0.666050686378036,455.0,806.5,434.5,198.0,1241.0,653.0,0.8029057848353558,0.511596151818755,0.6498791297340855,0.6967840735068913,0.7182904203105374,0.589955477203522,0.3032159264931087,0.6967840735068913,0.9000000000000001,0.46100092758136224,1000.0,0.3301910517833154,0.666050686378036,0.666050686378036,0.5,0.0010000000000000002,0.666050686378036,0.00010000000000000002,0.666050686378036,0.666050686378036,0.33394931362196406,False,11.534384104997056,0.3339493136219641,0.00010000000000000002,0.666050686378036,0.6733316016204884,0.319290316367425,0.666050686378036
HOS,14,4.5,0.7570631055082042,0.6273892302513183,0.6857580398162326,0.687832393231265,0.6867176914670485,0.6871172122492081,447.8,853.6,387.4,205.2,1241.0,653.0,0.8062520714768302,0.5362450347174248,0.687832393231265,0.6857580398162326,0.7422904915494125,0.6017783673921137,0.31424196018376727,0.6857580398162326,0.9000000000000001,0.47606217013068103,1000.0,0.3577049991150013,0.6871172122492081,0.6871172122492081,0.5,0.0010000000000000002,0.6871172122492081,0.00010000000000000002,0.687117212249208,0.6871172122492081,0.312882787750792,False,10.80675219412277,0.312882787750792,0.00010000000000000002,0.6871172122492081,0.686795216523749,0.3504344758728913,0.6871172122492081
HOS,15,4.5,0.702442085311332,0.520559439218016,0.6793261868300152,0.6395648670427075,0.659100873783909,0.653273495248152,443.6,793.7,447.3,209.4,1241.0,653.0,0.7912659458870932,0.49797991506009354,0.6395648670427075,0.6793261868300152,0.7073360421356061,0.5746475088629471,0.3206738131699847,0.6793261868300152,0.9000000000000001,0.44887520476628506,1000.0,0.3037068057095223,0.653273495248152,0.653273495248152,0.5,0.0010000000000000002,0.653273495248152,0.00010000000000000002,0.653273495248152,0.653273495248152,0.3467265047518479,False,11.975698056213501,0.3467265047518479,0.00010000000000000002,0.653273495248152,0.6594455269363614,0.29356957494668345,0.653273495248152
HOS,16,4.5,0.7125911154493054,0.5494376769634548,0.6751914241960183,0.6510878323932312,0.6629703439445385,0.6593980992608237,440.9,808.0,433.0,212.1,1241.0,653.0,0.7920816718864072,0.5046402469520884,0.6510878323932312,0.6751914241960183,0.7146423299453424,0.5775286274522973,0.3248085758039816,0.6751914241960183,0.9000000000000001,0.4527088728334765,1000.0,0.31114945460655596,0.6593980992608237,0.6593980992608237,0.5,0.0010000000000000002,0.6593980992608237,0.00010000000000000002,0.6593980992608237,0.6593980992608237,0.3406019007391764,False,11.764155690625213,0.3406019007391764,0.00010000000000000002,0.6593980992608237,0.6631396282946248,0.3021112916489395,0.6593980992608237
HOS,17,4.5,0.6968425650903967,0.5111175883536514,0.7283307810107197,0.5675261885576149,0.5971130981506463,0.6229672650475184,475.6,704.3,536.7,177.4,1241.0,653.0,0.7188877446519681,0.48334351762701866,0.5675261885576149,0.7283307810107197,0.6342549565615496,0.5748814839371754,0.2716692189892803,0.7283307810107197,0.9000000000000001,0.441527997763998,1000.0,0.2814548846295943,0.6229672650475184,0.6229672650475184,0.5,0.0010000000000000002,0.6229672650475184,0.00010000000000000002,0.6229672650475184,0.6229672650475184,0.37703273495248146,False,13.022475906835535,0.37703273495248146,0.00010000000000000002,0.6229672650475184,0.6479284847841674,0.27029022513903955,0.6229672650475184
HOS,18,4.5,0.6481866992113507,0.5146022767794147,0.5396630934150076,0.7024174053182917,0.5422894695333229,0.6463041182682154,352.4,871.7,369.3,300.6,1241.0,653.0,0.7583988419962011,0.43097366456340663,0.7024174053182917,0.5396630934150076,0.7175005644891418,0.46098585763541744,0.4603369065849924,0.5396630934150076,0.9000000000000001,0.4224215872033533,1000.0,0.2318855474217612,0.6463041182682154,0.6463041182682154,0.5,0.0010000000000000002,0.6463041182682154,0.00010000000000000002,0.6463041182682154,0.6463041182682154,0.3536958817317846,False,12.216378879768552,0.3536958817317846,1.0,0.6463041182682154,0.6210402493666496,0.2231638300518383,0.6463041182682154
HOS,19,4.5,0.7164282373672372,0.5501260501252899,0.6796324655436448,0.656003223207091,0.6676502152513296,0.6641499472016895,443.8,814.1,426.9,209.2,1241.0,653.0,0.7956221459766301,0.5097221243690336,0.656003223207091,0.6796324655436448,0.7190560059688467,0.582494081353968,0.3203675344563553,0.6796324655436448,0.9000000000000001,0.45692970965798035,1000.0,0.3201316156901983,0.6641499472016895,0.6641499472016895,0.5,0.0010000000000000002,0.6641499472016895,0.00010000000000000002,0.6641499472016895,0.6641499472016895,0.33585005279831043,False,11.600030101872035,0.3358500527983105,1.0,0.6641499472016895,0.6678178443753678,0.31105619644424853,0.6641499472016895
HOS,20,4.5,0.7232238734508677,0.5646288134558743,0.6892802450229709,0.6594681708299758,0.6741557665357539,0.6697465681098205,450.1,818.4,422.6,202.9,1241.0,653.0,0.8013609890272724,0.5158284992914265,0.6594681708299758,0.6892802450229709,0.7234767927548112,0.5900210533790833,0.3107197549770291,0.6892802450229709,0.9000000000000001,0.46265767967861054,1000.0,0.33259456234320794,0.6697465681098205,0.6697465681098205,0.5,0.0010000000000000002,0.6697465681098205,0.00010000000000000002,0.6697465681098205,0.6697465681098205,0.3302534318901795,False,11.406727848411105,0.3302534318901795,1.0,0.6697465681098205,0.6743742079264733,0.32301978203323173,0.6697465681098205
HOS,21,4.5,0.6907516045080475,0.5607084345372542,0.7185298621745789,0.5825946817082996,0.6002295514219076,0.6294614572333684,469.2,723.0,518.0,183.8,1241.0,653.0,0.7176163736873826,0.49018697584347287,0.5825946817082996,0.7185298621745789,0.6430416472652837,0.5760020093949036,0.28147013782542113,0.7185298621745789,0.9000000000000001,0.44472114770359533,1000.0,0.28688860061960864,0.6294614572333684,0.6294614572333684,0.5,0.0010000000000000002,0.6294614572333684,0.00010000000000000002,0.6294614572333684,0.6294614572333684,0.37053854276663145,False,12.798166560410326,0.37053854276663145,1.0,0.6294614572333684,0.6505622719414393,0.2776271471728237,0.6294614572333684
HOS,22,4.5,0.7214327229559722,0.56112379529302,0.6955589586523737,0.6509266720386785,0.6727179444489491,0.6663146779303063,454.2,807.8,433.2,198.8,1241.0,653.0,0.8025866055297876,0.5120346807464943,0.6509266720386785,0.6955589586523737,0.7187044281466651,0.5897131893961725,0.30444104134762634,0.6955589586523737,0.9000000000000001,0.46104869737023646,1000.0,0.3301689392957773,0.6663146779303063,0.6663146779303063,0.5,0.0010000000000000002,0.6663146779303063,0.00010000000000000002,0.6663146779303063,0.6663146779303063,0.33368532206969376,False,11.525265610976934,0.33368532206969376,1.0,0.6663146779303063,0.673242815345526,0.31938207461707996,0.6663146779303063
HOS,23,4.5,0.7134803972985277,0.552872785665124,0.6843797856049005,0.6535052377115229,0.6685984635550997,0.6641499472016895,446.9,811.0,430.0,206.1,1241.0,653.0,0.7975196320682642,0.5097142209430842,0.6535052377115229,0.6843797856049005,0.7182428115657958,0.5841401575444529,0.3156202143950995,0.6843797856049005,0.9000000000000001,0.4576489780904652,1000.0,0.32219446015594916,0.6641499472016895,0.6641499472016895,0.5,0.0010000000000000002,0.6641499472016895,0.00010000000000000002,0.6641499472016895,0.6641499472016895,0.3358500527983105,False,11.600031410611228,0.33585005279831043,1.0,0.6641499472016895,0.6689425116582117,0.31248394036682037,0.6641499472016895
HOS,24,4.5,0.6704068990452543,0.5630560950180564,0.7004594180704442,0.5692989524576955,0.62237899081874,0.614519535374868,457.4,706.5,534.5,195.6,1241.0,653.0,0.7848363253445969,0.4670902476869469,0.5692989524576955,0.7004594180704442,0.6503435411538695,0.5570980813305555,0.2995405819295559,0.7004594180704442,0.9000000000000001,0.42839122864137985,1000.0,0.26020985747904457,0.614519535374868,0.614519535374868,0.5,0.0010000000000000002,0.614519535374868,0.00010000000000000002,0.6145195353748679,0.614519535374868,0.38548046462513197,False,13.314249224261209,0.38548046462513197,0.09999999999999999,0.614519535374868,0.6348791852640697,0.24340706795240125,0.614519535374868
HOS,25,4.5,0.7252407224821164,0.5693934491856649,0.6912710566615621,0.6571313456889606,0.6739595782433404,0.6689017951425554,451.4,815.5,425.5,201.6,1241.0,653.0,0.8018222511619711,0.514757290291026,0.6571313456889606,0.6912710566615621,0.7222878249829287,0.590081674827454,0.308728943338438,0.6912710566615621,0.9000000000000001,0.46233516644559114,1000.0,0.33210995228809875,0.6689017951425554,0.6689017951425554,0.5,0.0010000000000000002,0.6689017951425554,0.00010000000000000002,0.6689017951425555,0.6689017951425554,0.33109820485744457,False,11.435906497336344,0.3310982048574446,0.09999999999999999,0.6689017951425554,0.6742012011752612,0.3222148495234243,0.6689017951425554
HOS,26,4.5,0.7451272438741172,0.6207991535153575,0.6877488514548238,0.667123287671233,0.6772953469926564,0.674234424498416,449.1,827.9,413.1,203.9,1241.0,653.0,0.8024478462597744,0.520897855017527,0.667123287671233,0.6877488514548238,0.7285109469490456,0.5927567049799755,0.3122511485451761,0.6877488514548238,0.9000000000000001,0.46591037679185393,1000.0,0.3387419945583693,0.674234424498416,0.674234424498416,0.5,0.0010000000000000002,0.674234424498416,0.00010000000000000002,0.674234424498416,0.674234424498416,0.3257655755015839,False,11.251718769460563,0.3257655755015839,0.09999999999999999,0.674234424498416,0.6774360695630284,0.3298265603658775,0.674234424498416
HOS,27,4.5,0.7153565086694645,0.5543541389783402,0.6788667687595712,0.6525382755842063,0.6653155422258895,0.6616156282998945,443.3,809.8,431.2,209.7,1241.0,653.0,0.7945714974758962,0.5069545338396635,0.6525382755842063,0.6788667687595712,0.7164119809398564,0.5802601393139012,0.3211332312404288,0.6788667687595712,0.9000000000000001,0.4549148631449481,1000.0,0.3161114889492523,0.6616156282998945,0.6616156282998945,0.5,0.0010000000000000002,0.6616156282998945,0.00010000000000000002,0.6616156282998945,0.6616156282998945,0.33838437170010566,False,11.68756419108245,0.33838437170010566,0.09999999999999999,0.6616156282998945,0.6657025221718886,0.30669152285982565,0.6616156282998945
HOS,28,4.5,0.7371026675370479,0.5977920155285059,0.6883614088820827,0.6630942788074135,0.6752453839889035,0.671805702217529,449.5,822.9,418.1,203.5,1241.0,653.0,0.8020303143699719,0.5184103427766487,0.6630942788074135,0.6883614088820827,0.7256776210533534,0.5911035335058179,0.31163859111791725,0.6883614088820827,0.9000000000000001,0.464208559024274,1000.0,0.3355885848416733,0.671805702217529,0.671805702217529,0.5,0.0010000000000000002,0.671805702217529,0.00010000000000000002,0.671805702217529,0.671805702217529,0.328194297782471,False,11.335605976115124,0.328194297782471,0.09999999999999999,0.671805702217529,0.6757278438447479,0.3260959836456941,0.671805702217529
HOS,29,4.5,0.7218187180471214,0.5651219035266247,0.6947932618683001,0.6420628525382754,0.6676630228024221,0.6602428722280889,453.7,796.8,444.2,199.3,1241.0,653.0,0.800067733384292,0.50557269601747,0.6420628525382754,0.6947932618683001,0.712198844742795,0.5850537325318375,0.30520673813169985,0.6947932618683001,0.9000000000000001,0.4564793248962526,1000.0,0.3208680161451002,0.6602428722280889,0.6602428722280889,0.5,0.0010000000000000002,0.6602428722280889,0.00010000000000000002,0.6602428722280889,0.6602428722280889,0.33975712777191125,False,11.734982994352437,0.3397571277719113,0.09999999999999999,0.6602428722280889,0.6684280572032879,0.309431415117447,0.6602428722280889
HOS,30,4.5,0.6307794065202073,0.513436046093134,0.730781010719755,0.47461724415793716,0.5010931266497463,0.562935586061246,477.2,589.0,652.0,175.8,1241.0,653.0,0.6144807059858924,0.44098126660494386,0.47461724415793716,0.730781010719755,0.5346529647931533,0.5393227170224124,0.26921898928024507,0.730781010719755,0.9000000000000001,0.40885915738271744,1000.0,0.19572393337397628,0.562935586061246,0.562935586061246,0.5,0.0010000000000000002,0.562935586061246,0.00010000000000000002,0.562935586061246,0.562935586061246,0.43706441393875395,False,15.095945320608001,0.43706441393875395,0.00010000000000000002,0.562935586061246,0.6026991274388461,0.18751304772965321,0.562935586061246
HOS,31,4.5,0.7221612146505375,0.5715178985341954,0.684073506891271,0.6551168412570508,0.6693116034917183,0.6651003167898628,446.7,813.0,428.0,206.3,1241.0,653.0,0.7976816207127843,0.5108352953642563,0.6551168412570508,0.684073506891271,0.7193006966577327,0.5847801167087233,0.31592649310872895,0.684073506891271,0.9000000000000001,0.45835818078494706,1000.0,0.3234894468585912,0.6651003167898628,0.6651003167898628,0.5,0.0010000000000000002,0.6651003167898628,0.00010000000000000002,0.6651003167898628,0.6651003167898628,0.3348996832101373,False,11.567205963564927,0.3348996832101373,0.00010000000000000002,0.6651003167898628,0.6695951740741608,0.31396705957538495,0.6651003167898628
HOS,32,4.5,0.7572526478547533,0.6344808052154367,0.6917304747320061,0.684689766317486,0.6880200125413125,0.687117212249208,451.7,849.7,391.3,201.3,1241.0,653.0,0.8085104692720785,0.5362782086527356,0.684689766317486,0.6917304747320061,0.7412985308746128,0.6039373481374264,0.3082695252679939,0.6917304747320061,0.9000000000000001,0.4771725769571161,1000.0,0.36025352282909134,0.687117212249208,0.687117212249208,0.5,0.0010000000000000002,0.687117212249208,0.00010000000000000002,0.687117212249208,0.687117212249208,0.312882787750792,False,10.806753840601113,0.312882787750792,0.00010000000000000002,0.687117212249208,0.6882101205247461,0.35227087440787297,0.687117212249208
HOS,33,4.5,0.7167538281754204,0.5557495790539704,0.6917304747320061,0.6427074939564867,0.666422925100133,0.6596092925026399,451.7,797.6,443.4,201.3,1241.0,653.0,0.7987552576603685,0.5048695532125592,0.6427074939564867,0.6917304747320061,0.712013847623272,0.5834311810451334,0.30826952526799384,0.6917304747320061,0.9000000000000001,0.4554541145975672,1000.0,0.3186580180515858,0.6596092925026399,0.6596092925026399,0.5,0.0010000000000000002,0.6596092925026399,0.00010000000000000002,0.6596092925026399,0.6596092925026399,0.3403907074973601,False,11.756865725078917,0.34039070749736006,0.00010000000000000002,0.6596092925026399,0.6672189843442464,0.3074438101455837,0.6596092925026399
HOS,34,4.5,0.7396804928101011,0.601878681020329,0.682542113323124,0.6672038678485093,0.6743422694599528,0.6724920802534318,445.7,828.0,413.0,207.3,1241.0,653.0,0.8001225598209514,0.5195183376187819,0.6672038678485093,0.682542113323124,0.7272621352299729,0.5895219747659965,0.3174578866768759,0.682542113323124,0.9000000000000001,0.46387410706250465,1000.0,0.3343503108313842,0.6724920802534318,0.6724920802534318,0.5,0.0010000000000000002,0.6724920802534318,0.00010000000000000002,0.6724920802534318,0.6724920802534318,0.3275079197465681,False,11.311897165523636,0.32750791974656807,0.00010000000000000002,0.6724920802534318,0.6748729905858167,0.3255044778879879,0.6724920802534318
HOS,35,4.5,0.7230010748136969,0.5638482866154899,0.703062787136294,0.6390813859790492,0.6701379490107169,0.6611404435058079,459.1,793.1,447.9,193.9,1241.0,653.0,0.8036579936291692,0.5063428927831467,0.6390813859790492,0.703062787136294,0.7118331281787079,0.5885663362823992,0.296937212863706,0.703062787136294,0.9000000000000001,0.45835810491403295,1000.0,0.3256760770518796,0.6611404435058079,0.6611404435058079,0.5,0.0010000000000000002,0.6611404435058079,0.00010000000000000002,0.6611404435058079,0.6611404435058079,0.33885955649419214,False,11.703983542736356,0.3388595564941922,0.00010000000000000002,0.6611404435058079,0.6710720865576716,0.31331279579697646,0.6611404435058079
HOSbal,0,4.5,0.6811253983851185,0.6260216724605092,0.6854517611026034,0.5765696784073506,0.5808995031805784,0.6310107197549769,447.6,376.5,276.5,205.4,653.0,653.0,0.5823625401928164,0.6298261271191343,0.5765696784073506,0.6854517611026034,0.5793724735965895,0.6492138091849312,0.3145482388973966,0.6854517611026034,0.9000000000000001,0.5844166892649358,1000.0,0.2621050204492616,0.6310107197549769,0.6310107197549769,0.5,0.0010000000000000002,0.6310107197549769,0.00010000000000000002,0.6310107197549769,0.6310107197549769,0.36898928024502303,False,12.744607529400387,0.36898928024502303,1.0,0.6310107197549769,0.6310107197549769,0.2620214395099541,0.6310107197549769
HOSbal,1,4.5,0.6825442239727586,0.6263379875490551,0.6416539050535988,0.648238897396631,0.6448565412355938,0.6449464012251148,419.0,423.3,229.7,234.0,653.0,653.0,0.6440558937308015,0.6459686456959914,0.648238897396631,0.6416539050535988,0.6460739495827182,0.6437362805146485,0.3583460949464012,0.6416539050535988,0.9000000000000001,0.5936463936227836,1000.0,0.289958650760999,0.6449464012251148,0.6449464012251148,0.5,0.0010000000000000002,0.6449464012251148,0.00010000000000000002,0.6449464012251148,0.6449464012251148,0.3550535987748851,False,12.263257489930934,0.3550535987748851,1.0,0.6449464012251148,0.6449464012251148,0.2898928024502297,0.6449464012251148
HOSbal,2,4.5,0.6815714490078775,0.624340011548749,0.6346094946401224,0.6509954058192956,0.6420401616716952,0.6428024502297089,414.4,425.1,227.9,238.6,653.0,653.0,0.6412487576096637,0.6454420677906649,0.6509954058192956,0.6346094946401224,0.6455246233667874,0.63937516677016,0.3653905053598775,0.6346094946401224,0.9000000000000001,0.5921693371518821,1000.0,0.2861459159453253,0.6428024502297089,0.6428024502297089,0.5,0.0010000000000000002,0.6428024502297089,0.00010000000000000002,0.6428024502297089,0.6428024502297089,0.35719754977029095,False,12.337305831914376,0.35719754977029095,1.0,0.6428024502297089,0.6428024502297089,0.285604900459418,0.6428024502297089
HOSbal,3,4.5,0.6792565353920768,0.6217069192137833,0.6290964777947934,0.4669218989280245,0.294382310896206,0.5480091883614089,410.8,304.9,348.1,242.2,653.0,653.0,0.7201611352130785,0.519387861589422,0.4669218989280245,0.6290964777947934,0.3958987218881197,0.5000789558594325,0.3709035222052067,0.6290964777947934,0.9000000000000001,0.5298898071584387,1000.0,0.12728254307469117,0.5480091883614089,0.5480091883614089,0.5,0.0010000000000000002,0.5480091883614089,0.00010000000000000002,0.5480091883614089,0.5480091883614089,0.4519908116385912,False,15.611422699679348,0.4519908116385912,1.0,0.5480091883614089,0.5480091883614089,0.09601837672281775,0.5480091883614089
HOSbal,4,4.5,0.6798137468955862,0.6218150620898794,0.689739663093415,0.37687595712098004,0.20703637015383797,0.5333078101071975,450.4,246.1,406.9,202.6,653.0,653.0,0.4752138288610622,0.496587448921079,0.37687595712098004,0.689739663093415,0.3105433408715056,0.5185766774790671,0.310260336906585,0.689739663093415,0.9000000000000001,0.5209481650458772,1000.0,0.08073804680744187,0.5333078101071975,0.5333078101071975,0.5,0.0010000000000000002,0.5333078101071975,0.00010000000000000002,0.5333078101071975,0.5333078101071975,0.46669218989280237,False,16.11922631615039,0.4666921898928025,1.0,0.5333078101071975,0.5333078101071975,0.06661562021439513,0.5333078101071975
HOSbal,5,4.5,0.5338393420401539,0.5264574509630626,0.6,0.4,0.0,0.5,391.8,261.2,391.8,261.2,653.0,653.0,0.2,0.3,0.4,0.6,0.26666666666666666,0.39999999999999997,0.4,0.6,0.9000000000000001,0.5,1000.0,0.0,0.5,0.5,0.5,0.0010000000000000002,0.5,0.00010000000000000002,0.5,0.5,0.5,False,17.2696280766844,0.5,1.0,0.5,0.5,0.0,0.5
HOSbal,6,4.5,0.68574631398493,0.6331251363338282,0.6699846860643185,0.639509954058193,0.6544715885115172,0.6547473200612557,437.5,417.6,235.4,215.5,653.0,653.0,0.6597573829830814,0.6501933282052461,0.639509954058193,0.6699846860643185,0.6493864883385738,0.6598595390176153,0.3300153139356814,0.6699846860643185,0.9000000000000001,0.6006220588083705,1000.0,0.30972252001177897,0.6547473200612557,0.6547473200612557,0.5,0.0010000000000000002,0.6547473200612557,0.00010000000000000002,0.6547473200612557,0.6547473200612557,0.3452526799387442,False,11.924749235605127,0.3452526799387443,0.09999999999999999,0.6547473200612557,0.6547473200612557,0.3094946401225115,0.6547473200612557
HOSbal,7,4.5,0.6964794364096443,0.662960835881459,0.6630934150076568,0.6459418070444104,0.6544010376261504,0.6545176110260338,433.0,421.8,231.2,220.0,653.0,653.0,0.6572405311051834,0.6519812699740901,0.6459418070444104,0.6630934150076568,0.6514889324760977,0.6574406119866898,0.33690658499234305,0.6630934150076568,0.9000000000000001,0.6007557482556753,1000.0,0.30912847290982687,0.6545176110260338,0.6545176110260338,0.5,0.0010000000000000002,0.6545176110260338,0.00010000000000000002,0.6545176110260338,0.6545176110260338,0.3454823889739663,False,11.932680533161992,0.34548238897396627,0.09999999999999999,0.6545176110260338,0.6545176110260338,0.30903522205206735,0.6545176110260338
HOSbal,8,4.5,0.714574973792767,0.6794814205233414,0.6761102603369067,0.6650842266462481,0.6704136415084175,0.6705972434915772,441.5,434.3,218.7,211.5,653.0,653.0,0.6727077815374176,0.6688261136630206,0.6650842266462481,0.6761102603369067,0.6687262396437994,0.672306283744765,0.3238897396630934,0.6761102603369067,0.9000000000000001,0.6141280937363195,1000.0,0.3413641156118986,0.6705972434915772,0.6705972434915772,0.5,0.0010000000000000002,0.6705972434915772,0.00010000000000000002,0.6705972434915772,0.6705972434915772,0.32940275650842266,False,11.377302049807472,0.3294027565084227,0.09999999999999999,0.6705972434915772,0.6705972434915775,0.3411944869831546,0.6705972434915772
HOSbal,9,4.5,0.6865917464218625,0.6339059435128421,0.6692189892802451,0.6339969372128638,0.651330671126402,0.6516079632465543,437.0,414.0,239.0,216.0,653.0,653.0,0.6571740350517152,0.6464803324489087,0.6339969372128638,0.6692189892802451,0.6453422661019593,0.6576217498228931,0.33078101071975496,0.6692189892802451,0.9000000000000001,0.598016601477714,1000.0,0.30343503086195983,0.6516079632465543,0.6516079632465543,0.5,0.0010000000000000002,0.6516079632465543,0.00010000000000000002,0.6516079632465543,0.6516079632465543,0.34839203675344566,False,12.033180982748988,0.34839203675344554,0.09999999999999999,0.6516079632465543,0.6516079632465543,0.3032159264931088,0.6516079632465543
HOSbal,10,4.5,0.6917060850028962,0.6541035883939977,0.6647779479326188,0.6390505359877487,0.6516762186139484,0.6519142419601838,434.1,417.3,235.7,218.9,653.0,653.0,0.6560152201568199,0.6481929265015969,0.6390505359877487,0.6647779479326188,0.6473232883274462,0.6562892570499562,0.3352220520673813,0.6647779479326188,0.9000000000000001,0.5984741828840291,1000.0,0.3040182019867952,0.6519142419601838,0.6519142419601838,0.5,0.0010000000000000002,0.6519142419601838,0.00010000000000000002,0.6519142419601838,0.6519142419601838,0.34808575803981623,False,12.022600470322123,0.34808575803981623,0.09999999999999999,0.6519142419601838,0.6519142419601838,0.30382848392036754,0.6519142419601838
HOSbal,11,4.5,0.6786095040207876,0.6225215858158277,0.5594180704441041,0.5652373660030627,0.31226570932981107,0.5623277182235835,365.3,369.1,283.9,287.7,653.0,653.0,0.6604837114839535,0.42493220711480834,0.5652373660030627,0.5594180704441041,0.4761854717244631,0.46154763016586786,0.4405819295558958,0.5594180704441041,0.9000000000000001,0.5402351379488808,1000.0,0.13057248170385055,0.5623277182235835,0.5623277182235835,0.5,0.0010000000000000002,0.5623277182235835,0.00010000000000000002,0.5623277182235835,0.5623277182235835,0.4376722817764166,False,15.116838892068438,0.4376722817764165,0.09999999999999999,0.5623277182235835,0.5623277182235835,0.12465543644716695,0.5623277182235835
HOSbal,12,4.5,0.6720228700613731,0.6243619887511869,0.703062787136294,0.5745788667687596,0.5987282302897456,0.6388208269525268,459.1,375.2,277.8,193.9,653.0,653.0,0.6519499445256578,0.6342126608524136,0.5745788667687596,0.703062787136294,0.5854408290026072,0.6603350887212347,0.29693721286370595,0.703062787136294,0.9000000000000001,0.5900933776255773,1000.0,0.2791485465196955,0.6388208269525268,0.6388208269525268,0.5,0.0010000000000000002,0.6388208269525268,0.00010000000000000002,0.6388208269525268,0.6388208269525268,0.3611791730474732,False,12.47485677920787,0.3611791730474732,0.00010000000000000002,0.6388208269525268,0.6388208269525268,0.2776416539050536,0.6388208269525268
HOSbal,13,4.5,0.7183682802192262,0.6919219891010888,0.6967840735068913,0.6447166921898929,0.6701913694907573,0.670750382848392,455.0,421.0,232.0,198.0,653.0,653.0,0.6801698159247583,0.6623552113717269,0.6447166921898929,0.6967840735068913,0.6619164125796305,0.679089943419031,0.3032159264931087,0.6967840735068913,0.9000000000000001,0.6131074225888911,1000.0,0.3420123740481088,0.670750382848392,0.670750382848392,0.5,0.0010000000000000002,0.670750382848392,0.00010000000000000002,0.670750382848392,0.670750382848392,0.329249617151608,False,11.372020946719294,0.329249617151608,0.00010000000000000002,0.670750382848392,0.670750382848392,0.341500765696784,0.670750382848392
HOSbal,14,4.5,0.7577159487721882,0.7461020082210335,0.6857580398162326,0.698468606431853,0.692011366803226,0.6921133231240428,447.8,456.1,196.9,205.2,653.0,653.0,0.6898009227516242,0.6946405845155438,0.698468606431853,0.6857580398162326,0.6940401681596897,0.6900993110167537,0.31424196018376727,0.6857580398162326,0.9000000000000001,0.6334672854740472,1000.0,0.38433403632207563,0.6921133231240428,0.6921133231240428,0.5,0.0010000000000000002,0.6921133231240428,0.00010000000000000002,0.6921133231240428,0.6921133231240428,0.3078866768759571,False,10.63414963945451,0.3078866768759571,0.00010000000000000002,0.6921133231240428,0.6921133231240428,0.3842266462480858,0.6921133231240428
HOSbal,15,4.5,0.6968673269091411,0.6544923287974516,0.6793261868300152,0.6419601837672282,0.6603231148737928,0.6606431852986218,443.6,419.2,233.8,209.4,653.0,653.0,0.6669285384482206,0.6549041702267249,0.6419601837672282,0.6793261868300152,0.6541538615790949,0.666845579895156,0.3206738131699847,0.6793261868300152,0.9000000000000001,0.6052444442690473,1000.0,0.32155935457303214,0.6606431852986218,0.6606431852986218,0.5,0.0010000000000000002,0.6606431852986218,0.00010000000000000002,0.6606431852986218,0.6606431852986218,0.33935681470137824,False,11.721112284918526,0.33935681470137824,0.00010000000000000002,0.6606431852986218,0.6606431852986218,0.32128637059724346,0.6606431852986218
HOSbal,16,4.5,0.7080047559971765,0.6806079512895993,0.6751914241960183,0.6517611026033691,0.6633258428401106,0.6634762633996937,440.9,425.6,227.4,212.1,653.0,653.0,0.6674311614444217,0.6597800234685407,0.6517611026033691,0.6751914241960183,0.6594612037408082,0.6673567188664891,0.3248085758039816,0.6751914241960183,0.9000000000000001,0.6078836852503005,1000.0,0.3270818213209604,0.6634762633996937,0.6634762633996937,0.5,0.0010000000000000002,0.6634762633996937,0.00010000000000000002,0.6634762633996937,0.6634762633996937,0.3365237366003063,False,11.623257315481524,0.3365237366003063,0.00010000000000000002,0.6634762633996937,0.6634762633996937,0.32695252679938747,0.6634762633996937
HOSbal,17,4.5,0.6908200811896559,0.6451632934400533,0.7283307810107197,0.5724349157733537,0.5996970360034981,0.6503828483920367,475.6,373.8,279.2,177.4,653.0,653.0,0.6103368393921571,0.6416440353084774,0.5724349157733537,0.7283307810107197,0.5907456479293252,0.6760759872412823,0.2716692189892803,0.7283307810107197,0.9000000000000001,0.5988990370365095,1000.0,0.30137255737040386,0.6503828483920367,0.6503828483920367,0.5,0.0010000000000000002,0.6503828483920367,0.00010000000000000002,0.6503828483920367,0.6503828483920367,0.34961715160796325,False,12.075519563184324,0.34961715160796325,0.00010000000000000002,0.6503828483920367,0.6503828483920369,0.3007656967840735,0.6503828483920367
HOSbal,18,4.5,0.6450824208682274,0.6442804014919777,0.5396630934150076,0.7044410413476264,0.5433107414839631,0.6220520673813169,352.4,460.0,193.0,300.6,653.0,653.0,0.6259512822407116,0.5729253172939746,0.7044410413476264,0.5396630934150076,0.6494830017319095,0.5352881820583365,0.4603369065849924,0.5396630934150076,0.9000000000000001,0.579012721699762,1000.0,0.245604763788547,0.6220520673813169,0.6220520673813169,0.5,0.0010000000000000002,0.6220520673813169,0.00010000000000000002,0.6220520673813169,0.6220520673813169,0.377947932618683,False,13.053977297727366,0.377947932618683,1.0,0.6220520673813169,0.6220520673813169,0.24410413476263404,0.6220520673813169
HOSbal,19,4.5,0.7132637913364868,0.6815966612616319,0.6796324655436448,0.6588055130168453,0.6690732706279414,0.669218989280245,443.8,430.2,222.8,209.2,653.0,653.0,0.672941389486187,0.6657657867962701,0.6588055130168453,0.6796324655436448,0.6657384764706202,0.6725709651335038,0.3203675344563553,0.6796324655436448,0.9000000000000001,0.6127072139306555,1000.0,0.3385725325004157,0.669218989280245,0.669218989280245,0.5,0.0010000000000000002,0.669218989280245,0.00010000000000000002,0.6692189892802449,0.669218989280245,0.33078101071975496,False,11.424907774049666,0.33078101071975496,1.0,0.669218989280245,0.669218989280245,0.33843797856049,0.669218989280245
HOSbal,20,4.5,0.7198117300526021,0.6903416530533233,0.6892802450229709,0.6586523736600306,0.6737295901438397,0.6739663093415007,450.1,430.1,222.9,202.9,653.0,653.0,0.679502840738708,0.6688724716917431,0.6586523736600306,0.6892802450229709,0.6688545687365834,0.6788696703240521,0.3107197549770291,0.6892802450229709,0.9000000000000001,0.6163785603165837,1000.0,0.348153808007553,0.6739663093415007,0.6739663093415007,0.5,0.0010000000000000002,0.6739663093415007,0.00010000000000000002,0.6739663093415007,0.6739663093415007,0.32603369065849924,False,11.260941209203796,0.32603369065849924,1.0,0.6739663093415007,0.6739663093415007,0.3479326186830015,0.6739663093415007
HOSbal,21,4.5,0.6876352281494997,0.6879334789154588,0.7185298621745789,0.5857580398162326,0.6018604689238363,0.6521439509954059,469.2,382.5,270.5,183.8,653.0,653.0,0.6079482972463774,0.6468545508598339,0.5857580398162326,0.7185298621745789,0.5965885441607988,0.6741149342081065,0.28147013782542113,0.7185298621745789,0.9000000000000001,0.6009560356878134,1000.0,0.3045451680241771,0.6521439509954059,0.6521439509954059,0.5,0.0010000000000000002,0.6521439509954059,0.00010000000000000002,0.6521439509954058,0.6521439509954059,0.34785604900459416,False,12.01468790759019,0.34785604900459416,1.0,0.6521439509954059,0.6521439509954059,0.3042879019908116,0.6521439509954059
HOSbal,22,4.5,0.7166391891353138,0.6891308244579408,0.6955589586523737,0.6456355283307811,0.6699560563137901,0.6705972434915773,454.2,421.6,231.4,198.8,653.0,653.0,0.6796600862817941,0.6626926177602931,0.6456355283307811,0.6955589586523737,0.6620361286489732,0.6785888507192315,0.30444104134762634,0.6955589586523737,0.9000000000000001,0.6131056917545699,1000.0,0.34177232204251695,0.6705972434915773,0.6705972434915773,0.5,0.0010000000000000002,0.6705972434915773,0.00010000000000000002,0.6705972434915772,0.6705972434915773,0.32940275650842266,False,11.37730982537207,0.3294027565084227,1.0,0.6705972434915773,0.6705972434915773,0.3411944869831547,0.6705972434915773
HOSbal,23,4.5,0.7093127724790049,0.6827795338494387,0.6843797856049005,0.6542113323124042,0.6689913412258662,0.6692955589586524,446.9,427.2,225.8,206.1,653.0,653.0,0.6748095465828909,0.6643546752336089,0.6542113323124042,0.6843797856049005,0.6642208958231836,0.6741027966719638,0.3156202143950995,0.6843797856049005,0.9000000000000001,0.6125231587699501,1000.0,0.3388773862322999,0.6692955589586524,0.6692955589586524,0.5,0.0010000000000000002,0.6692955589586524,0.00010000000000000002,0.6692955589586523,0.6692955589586524,0.3307044410413476,False,11.422264987796066,0.3307044410413476,1.0,0.6692955589586524,0.6692955589586524,0.33859111791730473,0.6692955589586524
HOSbal,24,4.5,0.66537162677148,0.6827751003544504,0.7004594180704442,0.5722817764165391,0.6243981883491377,0.6363705972434917,457.4,373.7,279.3,195.6,653.0,653.0,0.659194138033111,0.6258064302546538,0.5722817764165391,0.7004594180704442,0.6031131158893014,0.6577537022501933,0.2995405819295559,0.7004594180704442,0.9000000000000001,0.5861143536901832,1000.0,0.2781047254724758,0.6363705972434917,0.6363705972434917,0.5,0.0010000000000000002,0.6363705972434917,0.00010000000000000002,0.6363705972434917,0.6363705972434917,0.36362940275650846,False,12.559485633618175,0.3636294027565084,0.09999999999999999,0.6363705972434917,0.6363705972434917,0.2727411944869832,0.6363705972434917
HOSbal,25,4.5,0.7218869676765735,0.6978106945876573,0.6912710566615621,0.6575803981623277,0.6741823934798373,0.6744257274119448,451.4,429.4,223.6,201.6,653.0,653.0,0.6805913428180631,0.6687251501714575,0.6575803981623277,0.6912710566615621,0.6688556564434542,0.67978268016778,0.308728943338438,0.6912710566615621,0.9000000000000001,0.6166789779221482,1000.0,0.3490838534380292,0.6744257274119448,0.6744257274119448,0.5,0.0010000000000000002,0.6744257274119448,0.00010000000000000002,0.6744257274119448,0.6744257274119448,0.3255742725880551,False,11.245073899771374,0.32557427258805516,0.09999999999999999,0.6744257274119448,0.6744257274119448,0.3488514548238897,0.6744257274119448
HOSbal,26,4.5,0.744183870415493,0.7404165860662577,0.6877488514548238,0.6725880551301685,0.680074053982023,0.6801684532924962,449.1,439.2,213.8,203.9,653.0,653.0,0.6830440602622923,0.6774818641914079,0.6725880551301685,0.6877488514548238,0.6777257775105888,0.6825293772852108,0.3122511485451761,0.6877488514548238,0.9000000000000001,0.6220880615666389,1000.0,0.360431387172198,0.6801684532924962,0.6801684532924962,0.5,0.0010000000000000002,0.6801684532924962,0.00010000000000000002,0.6801684532924962,0.6801684532924962,0.3198315467075038,False,11.046721174643775,0.3198315467075038,0.09999999999999999,0.6801684532924962,0.6801684532924962,0.3603369065849923,0.6801684532924962
HOSbal,27,4.5,0.711328442879958,0.6857033839047075,0.6788667687595712,0.6514548238897396,0.6647007512908889,0.6651607963246554,443.3,425.4,227.6,209.7,653.0,653.0,0.6702204594465329,0.6609047520920679,0.6514548238897396,0.6788667687595712,0.6604113538317729,0.6694992082628414,0.3211332312404288,0.6788667687595712,0.9000000000000001,0.609241113745224,1000.0,0.3307227342527633,0.6651607963246554,0.6651607963246554,0.5,0.0010000000000000002,0.6651607963246554,0.00010000000000000002,0.6651607963246554,0.6651607963246554,0.33483920367534453,False,11.565075731906244,0.33483920367534453,0.09999999999999999,0.6651607963246554,0.6651607963246554,0.33032159264931094,0.6651607963246554
HOSbal,28,4.5,0.7351566219287116,0.7206382727966096,0.6883614088820827,0.6656967840735069,0.6765690971803582,0.6770290964777946,449.5,434.7,218.3,203.5,653.0,653.0,0.6816115067799899,0.6733617689676562,0.6656967840735069,0.6883614088820827,0.6731948680751703,0.6804630351800196,0.31163859111791725,0.6883614088820827,0.9000000000000001,0.6192656374118208,1000.0,0.35451446478791615,0.6770290964777946,0.6770290964777946,0.5,0.0010000000000000002,0.6770290964777946,0.00010000000000000002,0.6770290964777947,0.6770290964777946,0.32297090352220514,False,11.1551534728119,0.3229709035222052,0.09999999999999999,0.6770290964777946,0.6770290964777946,0.35405819295558966,0.6770290964777946
HOSbal,29,4.5,0.7176486659521728,0.6929541378769571,0.6947932618683001,0.6402756508422665,0.666714181774086,0.6675344563552833,453.7,418.1,234.9,199.3,653.0,653.0,0.6774651836747697,0.6590841759642828,0.6402756508422665,0.6947932618683001,0.6580849237200413,0.6762552211445213,0.30520673813169985,0.6947932618683001,0.9000000000000001,0.6105108393477531,1000.0,0.335807384186028,0.6675344563552833,0.6675344563552833,0.5,0.0010000000000000002,0.6675344563552833,0.00010000000000000002,0.6675344563552833,0.6675344563552833,0.3324655436447167,False,11.483096888289872,0.3324655436447167,0.09999999999999999,0.6675344563552833,0.6675344563552834,0.33506891271056666,0.6675344563552833
HOSbal,30,4.5,0.6246282325185444,0.6239741139465161,0.730781010719755,0.4710566615620214,0.4990067520011789,0.6009188361408881,477.2,307.6,345.4,175.8,653.0,653.0,0.5071451412774778,0.5958719075983765,0.4710566615620214,0.730781010719755,0.4877558917617536,0.6455565266964399,0.26921898928024507,0.730781010719755,0.9000000000000001,0.5639083436061728,1000.0,0.2024246203624546,0.6009188361408881,0.6009188361408881,0.5,0.0010000000000000002,0.6009188361408881,0.00010000000000000002,0.6009188361408881,0.6009188361408881,0.39908116385911185,False,13.783986552817641,0.39908116385911185,0.00010000000000000002,0.6009188361408881,0.6009188361408881,0.20183767228177643,0.6009188361408881
HOSbal,31,4.5,0.7191879158272927,0.7001182318922601,0.684073506891271,0.6554364471669218,0.66947796089735,0.6697549770290965,446.7,428.0,225.0,206.3,653.0,653.0,0.6748470378636011,0.6651636391951994,0.6554364471669218,0.684073506891271,0.664884958749288,0.6743794629194558,0.31592649310872895,0.684073506891271,0.9000000000000001,0.6130088868225536,1000.0,0.33976015834962076,0.6697549770290965,0.6697549770290965,0.5,0.0010000000000000002,0.6697549770290965,0.00010000000000000002,0.6697549770290965,0.6697549770290965,0.3302450229709035,False,11.406396759989871,0.3302450229709035,0.00010000000000000002,0.6697549770290965,0.6697549770290966,0.3395099540581929,0.6697549770290965
HOSbal,32,4.5,0.7581901413900739,0.7532699794910968,0.6917304747320061,0.6905053598774885,0.690933453696714,0.6911179173047473,451.7,450.9,202.1,201.3,653.0,653.0,0.6914341976962138,0.6912046491531781,0.6905053598774885,0.6917304747320061,0.6907956624439,0.6912839704886109,0.3082695252679939,0.6917304747320061,0.9000000000000001,0.6322063809939251,1000.0,0.3824371973621626,0.6911179173047473,0.6911179173047473,0.5,0.0010000000000000002,0.6911179173047473,0.00010000000000000002,0.6911179173047473,0.6911179173047473,0.30888208269525264,False,10.668532922165095,0.3088820826952527,0.00010000000000000002,0.6911179173047473,0.6911179173047474,0.3822358346094946,0.6911179173047473
HOSbal,33,4.5,0.7100035412010535,0.684648279844839,0.6917304747320061,0.6381316998468606,0.6640195698547611,0.6649310872894334,451.7,416.7,236.3,201.3,653.0,653.0,0.6747037003776928,0.6567682540463472,0.6381316998468606,0.6917304747320061,0.6555540394134525,0.6734949781818036,0.30826952526799384,0.6917304747320061,0.9000000000000001,0.608382991008847,1000.0,0.330665302469356,0.6649310872894334,0.6649310872894334,0.5,0.0010000000000000002,0.6649310872894334,0.00010000000000000002,0.6649310872894334,0.6649310872894334,0.3350689127105666,False,11.57301492747754,0.3350689127105667,0.00010000000000000002,0.6649310872894334,0.6649310872894333,0.3298621745788668,0.6649310872894334
HOSbal,34,4.5,0.738554767840266,0.7268862603003164,0.682542113323124,0.6693721286370597,0.6753634334929492,0.6759571209800919,445.7,437.1,215.9,207.3,653.0,653.0,0.6788563670054542,0.6741841145701901,0.6693721286370597,0.682542113323124,0.6735593916270717,0.6778336830382916,0.3174578866768759,0.682542113323124,0.9000000000000001,0.6186652963606972,1000.0,0.3524767307100119,0.6759571209800919,0.6759571209800919,0.5,0.0010000000000000002,0.6759571209800919,0.00010000000000000002,0.6759571209800919,0.6759571209800919,0.32404287901990814,False,11.19217672542985,0.32404287901990814,0.00010000000000000002,0.6759571209800919,0.6759571209800919,0.3519142419601837,0.6759571209800919
HOSbal,35,4.5,0.719853122237101,0.6948468011587307,0.703062787136294,0.6399693721286371,0.6705404295007518,0.6715160796324655,459.1,417.9,235.1,193.9,653.0,653.0,0.6832180871159771,0.6615782086654785,0.6399693721286371,0.703062787136294,0.6606530175965316,0.6815121822447281,0.296937212863706,0.703062787136294,0.9000000000000001,0.6135639038049401,1000.0,0.3439116864659291,0.6715160796324655,0.6715160796324655,0.5,0.0010000000000000002,0.6715160796324655,0.00010000000000000002,0.6715160796324655,0.6715160796324655,0.3284839203675345,False,11.34557661468034,0.3284839203675345,0.00010000000000000002,0.6715160796324655,0.6715160796324655,0.34303215926493114,0.6715160796324655
