id_data,id_estm,id_fold,roc,prauc,sens,spec,gmean,score,tp,tn,fp,fn,sp0,sp1,p0,p1,r0,r1,fs0,fs1,ber,bcr,max_iter,rec_score,prec_score,warm_start,matthews_corrcoef,roc_auc_score,momentum,fbeta_score,accuracy,log_loss,learning_rate_init,f1_score,cohen_kappa_score,hamming_loss,power_t,tol,zero_one_loss,avg_prec_score,alpha,imb_spec_micro,imb_sens_micro
HOS,0,4.5,0.5655677655677656,0.8859002886551011,0.6076923076923076,0.37142857142857144,0.08633745175023987,0.5717391304347826,23.7,2.6,4.4,15.3,7.0,39.0,0.07465217391304349,0.5853416149068322,0.37142857142857144,0.6076923076923076,0.12027789171452008,0.5870843989769821,0.39230769230769236,0.6076923076923076,1000.0,0.5717391304347826,0.5717391304347826,False,-0.014184634301310197,0.4895604395604396,0.9000000000000001,0.5717391304347826,0.5717391304347826,14.791682895835503,0.0010000000000000002,0.5717391304347826,-0.005728465356057399,0.42826086956521736,0.5,0.00010000000000000002,0.42826086956521736,0.8463019589106544,1.0,0.5717391304347826,0.5717391304347826
HOS,1,4.5,0.5926739926739927,0.8860474118270207,0.5923076923076923,0.48571428571428577,0.2716779137065891,0.576086956521739,23.1,3.4,3.6,15.9,7.0,39.0,0.11868064397476163,0.894080063327034,0.48571428571428577,0.5923076923076923,0.18629904953434365,0.6231256220876947,0.4076923076923077,0.5923076923076923,1000.0,0.576086956521739,0.576086956521739,False,0.055597560385450995,0.5390109890109891,0.9000000000000001,0.576086956521739,0.576086956521739,14.641500396771892,0.0010000000000000002,0.576086956521739,0.03429099129178649,0.4239130434782609,0.5,0.00010000000000000002,0.4239130434782609,0.8591125480097632,1.0,0.576086956521739,0.576086956521739
HOS,2,4.5,0.6304029304029305,0.8930297806652551,0.5692307692307692,0.5285714285714286,0.23197933095728507,0.5630434782608695,22.2,3.7,3.3,16.8,7.0,39.0,0.11784897025171623,0.8166233122754862,0.5285714285714286,0.5692307692307692,0.18824013204701326,0.5842400163203607,0.43076923076923074,0.5692307692307692,1000.0,0.5630434782608695,0.5630434782608695,False,0.08305379916999392,0.548901098901099,0.9000000000000001,0.5630434782608695,0.5630434782608695,15.092000961070093,0.0010000000000000002,0.5630434782608695,0.05148862897159227,0.43695652173913047,0.5,0.00010000000000000002,0.43695652173913047,0.8617150552490574,1.0,0.5630434782608695,0.5630434782608695
HOS,3,4.5,0.48461538461538456,0.8499478165016179,0.8,0.2,0.0,0.708695652173913,31.2,1.4,5.6,7.8,7.0,39.0,0.030434782608695653,0.6782608695652173,0.2,0.8,0.052830188679245285,0.7341176470588235,0.2,0.8,1000.0,0.708695652173913,0.708695652173913,False,0.0,0.5,0.9000000000000001,0.708695652173913,0.708695652173913,10.06139307472635,0.0010000000000000002,0.7086956521739131,0.0,0.29130434782608694,0.5,0.00010000000000000002,0.29130434782608694,0.8478260869565217,1.0,0.708695652173913,0.708695652173913
HOS,4,4.5,0.5663003663003663,0.8713087065216223,0.5076923076923078,0.5,0.11699475430982549,0.5065217391304347,19.8,3.5,3.5,19.2,7.0,39.0,0.11325051759834368,0.5103248940640245,0.5,0.5076923076923078,0.17173180592991913,0.5031084451324389,0.49230769230769234,0.5076923076923078,1000.0,0.5065217391304347,0.5065217391304347,False,0.008057186362689633,0.5038461538461538,0.9000000000000001,0.5065217391304347,0.5065217391304347,17.04419614685822,0.0010000000000000002,0.5065217391304349,0.007373585330008403,0.49347826086956526,0.5,0.00010000000000000002,0.49347826086956526,0.8493731840688362,1.0,0.5065217391304347,0.5065217391304347
HOS,5,4.5,0.550915750915751,0.88016123164539,0.3333333333333333,0.7,0.057735026918962574,0.38913043478260867,13.0,4.9,2.1,26.0,7.0,39.0,0.11251646903820818,0.35434782608695653,0.7,0.3333333333333333,0.19349056603773582,0.3252941176470588,0.6666666666666667,0.3333333333333333,1000.0,0.38913043478260867,0.38913043478260867,False,0.026590801173915525,0.5166666666666666,0.9000000000000001,0.38913043478260867,0.38913043478260867,21.098723822860727,0.0010000000000000002,0.3891304347826088,0.013207547169811328,0.6108695652173913,0.5,0.00010000000000000002,0.6108695652173913,0.8528985507246375,1.0,0.38913043478260867,0.38913043478260867
HOS,6,4.5,0.5586080586080586,0.8738117770135967,0.30512820512820515,0.7428571428571429,0.14802465109299598,0.3717391304347825,11.9,5.2,1.8,27.1,7.0,39.0,0.13744316567206594,0.42933533233383303,0.7428571428571429,0.30512820512820515,0.22757687364434442,0.32153528077897825,0.6948717948717948,0.30512820512820515,1000.0,0.3717391304347825,0.3717391304347825,False,0.03305163527953451,0.5239926739926739,0.9000000000000001,0.3717391304347825,0.3717391304347825,21.69939298018028,0.0010000000000000002,0.3717391304347825,0.028890871394509077,0.6282608695652174,0.5,0.00010000000000000002,0.6282608695652174,0.8556305180742962,0.09999999999999999,0.3717391304347825,0.3717391304347825
HOS,7,4.5,0.6736263736263738,0.902434790405281,0.612820512820513,0.7142857142857143,0.6602585134930694,0.6282608695652175,23.9,5.0,2.0,15.1,7.0,39.0,0.2539878100056118,0.9216474598198735,0.7142857142857143,0.612820512820513,0.3732876820749819,0.7337628420525877,0.3871794871794872,0.612820512820513,1000.0,0.6282608695652175,0.6282608695652175,False,0.23966195941078966,0.6635531135531136,0.9000000000000001,0.6282608695652175,0.6282608695652175,12.839449468431152,0.0010000000000000002,0.6282608695652175,0.1908857483422372,0.3717391304347826,0.5,0.00010000000000000002,0.3717391304347826,0.8938174100872752,0.09999999999999999,0.6282608695652175,0.6282608695652175
HOS,8,4.5,0.6692307692307693,0.8998729688237816,0.717948717948718,0.5428571428571429,0.5250664266692403,0.691304347826087,28.0,3.8,3.2,11.0,7.0,39.0,0.21816684738411496,0.9012914199058828,0.5428571428571429,0.717948717948718,0.30770805312401234,0.7834390449270859,0.28205128205128205,0.717948717948718,1000.0,0.691304347826087,0.691304347826087,False,0.1976652903267549,0.6304029304029304,0.9000000000000001,0.691304347826087,0.691304347826087,10.662025728684963,0.0010000000000000002,0.691304347826087,0.1694843260314741,0.30869565217391304,0.5,0.00010000000000000002,0.30869565217391304,0.8844880222682854,0.09999999999999999,0.691304347826087,0.691304347826087
HOS,9,4.5,0.5164835164835164,0.8665713198006554,0.5076923076923077,0.5,0.02773500981126146,0.5065217391304347,19.8,3.5,3.5,19.2,7.0,39.0,0.07714863498483318,0.5239130434782608,0.5,0.5076923076923077,0.13366037735849057,0.473109243697479,0.49230769230769234,0.5076923076923077,1000.0,0.5065217391304347,0.5065217391304347,False,0.011190335723100832,0.5038461538461538,0.9000000000000001,0.5065217391304347,0.5065217391304347,17.04419614685822,0.0010000000000000002,0.5065217391304349,0.002473498233215565,0.49347826086956526,0.5,0.00010000000000000002,0.49347826086956526,0.8489966555183945,0.09999999999999999,0.5065217391304347,0.5065217391304347
HOS,10,4.5,0.6391941391941394,0.8996302623151224,0.5102564102564102,0.5428571428571429,0.12445428083685099,0.5152173913043478,19.9,3.8,3.2,19.1,7.0,39.0,0.10813847278041652,0.5211227719473597,0.5428571428571429,0.5102564102564102,0.1758984725965858,0.5026109391124871,0.4897435897435898,0.5102564102564102,1000.0,0.5152173913043478,0.5152173913043478,False,0.03942251784790623,0.5265567765567766,0.9000000000000001,0.5152173913043478,0.5152173913043478,16.74385374604967,0.0010000000000000002,0.5152173913043478,0.03121802675039913,0.48478260869565215,0.5,0.00010000000000000002,0.48478260869565215,0.8552712959759436,0.09999999999999999,0.5152173913043478,0.5152173913043478
HOS,11,4.5,0.5296703296703297,0.8657070290040509,0.4,0.6,0.0,0.4304347826086957,15.6,4.2,2.8,23.4,7.0,39.0,0.09130434782608696,0.3391304347826087,0.6,0.4,0.15849056603773584,0.36705882352941177,0.6,0.4,1000.0,0.4304347826086957,0.4304347826086957,False,0.0,0.5,0.9000000000000001,0.4304347826086957,0.4304347826086957,19.672134356944873,0.0010000000000000002,0.4304347826086957,0.0,0.5695652173913043,0.5,0.00010000000000000002,0.5695652173913043,0.8478260869565217,0.09999999999999999,0.4304347826086957,0.4304347826086957
HOS,12,4.5,0.6351648351648351,0.8983321615296459,0.5692307692307692,0.6142857142857143,0.45867092629765766,0.576086956521739,22.2,4.3,2.7,16.8,7.0,39.0,0.22585523912082,0.8041062073858175,0.6142857142857143,0.5692307692307692,0.2889018668263951,0.6400075565204589,0.43076923076923085,0.5692307692307692,1000.0,0.576086956521739,0.576086956521739,False,0.147325258493902,0.5917582417582417,0.9000000000000001,0.576086956521739,0.576086956521739,14.641484752474344,0.0010000000000000002,0.5760869565217391,0.11764598118321139,0.4239130434782609,0.5,0.00010000000000000002,0.4239130434782609,0.8735914083033792,0.00010000000000000002,0.576086956521739,0.576086956521739
HOS,13,4.5,0.6750915750915751,0.8981014684860413,0.6564102564102565,0.7142857142857143,0.6844095486762691,0.6652173913043479,25.6,5.0,2.0,13.4,7.0,39.0,0.27361951558932984,0.9272915526363802,0.7142857142857143,0.6564102564102565,0.39514050666974204,0.7680784031702077,0.3435897435897436,0.6564102564102565,1000.0,0.6652173913043479,0.6652173913043479,False,0.2728817578123145,0.6853479853479855,0.9000000000000001,0.6652173913043479,0.6652173913043479,11.56301642774967,0.0010000000000000002,0.6652173913043479,0.22414841203023625,0.33478260869565213,0.5,0.00010000000000000002,0.33478260869565213,0.9001611912806317,0.00010000000000000002,0.6652173913043479,0.6652173913043479
HOS,14,4.5,0.6655677655677656,0.8921487438624831,0.6615384615384616,0.6857142857142857,0.6693291985627469,0.6652173913043479,25.8,4.8,2.2,13.2,7.0,39.0,0.27904647940638655,0.9204564522014467,0.6857142857142857,0.6615384615384616,0.39204816318946756,0.7650420880352798,0.3384615384615384,0.6615384615384616,1000.0,0.6652173913043479,0.6652173913043479,False,0.2629197767465031,0.6736263736263737,0.9000000000000001,0.6652173913043479,0.6652173913043479,11.563019904260237,0.0010000000000000002,0.6652173913043479,0.22267549630120484,0.3347826086956522,0.5,0.00010000000000000002,0.3347826086956522,0.8966318023422939,0.00010000000000000002,0.6652173913043479,0.6652173913043479
HOS,15,4.5,0.6575091575091576,0.9105358171759699,0.48461538461538456,0.6000000000000001,0.26020566840006587,0.5021739130434784,18.9,4.2,2.8,20.1,7.0,39.0,0.15875441480940203,0.5971384619780327,0.6000000000000001,0.48461538461538456,0.23288118612285613,0.5072164479827019,0.5153846153846153,0.48461538461538456,1000.0,0.5021739130434784,0.5021739130434784,False,0.05962212837705153,0.5423076923076924,0.9000000000000001,0.5021739130434784,0.5021739130434784,17.19435257209259,0.0010000000000000002,0.5021739130434784,0.06071221467509941,0.49782608695652175,0.5,0.00010000000000000002,0.49782608695652175,0.8604548185199834,0.00010000000000000002,0.5021739130434784,0.5021739130434784
HOS,16,4.5,0.638827838827839,0.8907174032805646,0.6102564102564103,0.5142857142857143,0.28146240204959966,0.5956521739130435,23.8,3.6,3.4,15.2,7.0,39.0,0.1641200515880823,0.7045881931680892,0.5142857142857143,0.6102564102564103,0.22058381186765108,0.6249721065045571,0.38974358974358975,0.6102564102564103,1000.0,0.5956521739130435,0.5956521739130435,False,0.09443632761837548,0.5622710622710623,0.9000000000000001,0.5956521739130435,0.5956521739130435,13.965738251665247,0.0010000000000000002,0.5956521739130435,0.08034935679720576,0.4043478260869565,0.5,0.00010000000000000002,0.4043478260869565,0.8653656427032528,0.00010000000000000002,0.5956521739130435,0.5956521739130435
HOS,17,4.5,0.572893772893773,0.8765427704308344,0.3,0.7,0.0,0.3608695652173914,11.7,4.9,2.1,27.3,7.0,39.0,0.10652173913043479,0.25434782608695655,0.7,0.3,0.18490566037735848,0.2752941176470588,0.7,0.3,1000.0,0.3608695652173914,0.3608695652173914,False,0.0,0.5,0.9000000000000001,0.3608695652173914,0.3608695652173914,22.074819677499505,0.0010000000000000002,0.3608695652173914,0.0,0.6391304347826086,0.5,0.00010000000000000002,0.6391304347826086,0.8478260869565217,0.00010000000000000002,0.3608695652173914,0.3608695652173914
HOS,18,4.5,0.6197802197802199,0.9158055280517063,0.5641025641025641,0.5428571428571429,0.25318193567314784,0.5608695652173912,22.0,3.8,3.2,17.0,7.0,39.0,0.14319566208010143,0.7227763975155279,0.5428571428571429,0.5641025641025641,0.20927187937625513,0.58044077335879,0.43589743589743596,0.5641025641025641,1000.0,0.5608695652173912,0.5608695652173912,False,0.09233804815626717,0.5534798534798535,0.9000000000000001,0.5608695652173912,0.5608695652173912,15.167083519325487,0.0010000000000000002,0.5608695652173913,0.06253299362874962,0.43913043478260877,0.5,0.00010000000000000002,0.4391304347826087,0.863187768752986,1.0,0.5608695652173912,0.5608695652173912
HOS,19,4.5,0.6776556776556777,0.9048583100544793,0.782051282051282,0.4,0.4349746007014855,0.7239130434782608,30.5,2.8,4.2,8.5,7.0,39.0,0.19954816017316018,0.8915722171758895,0.4,0.782051282051282,0.24681869328928152,0.8133956084873122,0.21794871794871792,0.782051282051282,1000.0,0.7239130434782608,0.7239130434782608,False,0.14271449384036666,0.591025641025641,0.9000000000000001,0.7239130434782608,0.7239130434782608,9.535778663577663,0.0010000000000000002,0.7239130434782608,0.1189512654728571,0.27608695652173915,0.5,0.00010000000000000002,0.27608695652173915,0.873701996575679,1.0,0.7239130434782608,0.7239130434782608
HOS,20,4.5,0.6794871794871795,0.9047691407535787,0.676923076923077,0.6714285714285715,0.6703961314479036,0.6760869565217391,26.4,4.7,2.3,12.6,7.0,39.0,0.2853982996707455,0.9198788542236818,0.6714285714285715,0.676923076923077,0.39382460676578324,0.7765453181951206,0.32307692307692304,0.676923076923077,1000.0,0.6760869565217391,0.6760869565217391,False,0.2665977108890554,0.6741758241758243,0.9000000000000001,0.6760869565217391,0.6760869565217391,11.187600159962143,0.0010000000000000002,0.6760869565217391,0.22738938936528025,0.32391304347826083,0.5,0.00010000000000000002,0.32391304347826083,0.8966827888457074,1.0,0.6760869565217391,0.6760869565217391
HOS,21,4.5,0.6357142857142858,0.8972584155720151,0.8025641025641026,0.38571428571428573,0.3370365543108215,0.7391304347826086,31.3,2.7,4.3,7.7,7.0,39.0,0.1443972693972694,0.8901140238704176,0.38571428571428573,0.8025641025641026,0.205020600301907,0.8193335481279791,0.1974358974358974,0.8025641025641026,1000.0,0.7391304347826086,0.7391304347826086,False,0.14409803615183886,0.5941391941391941,0.9000000000000001,0.7391304347826086,0.7391304347826086,9.010190326258218,0.0010000000000000002,0.7391304347826086,0.11883845005357618,0.2608695652173913,0.5,0.00010000000000000002,0.2608695652173913,0.8748538701991386,1.0,0.7391304347826086,0.7391304347826086
HOS,22,4.5,0.6663003663003664,0.8987394967187979,0.5307692307692308,0.6428571428571429,0.4713391898214683,0.5478260869565217,20.7,4.5,2.5,18.3,7.0,39.0,0.20849629297905162,0.909724349078569,0.6428571428571429,0.5307692307692308,0.2938337497161026,0.6122313209959513,0.4692307692307692,0.5307692307692308,1000.0,0.5478260869565217,0.5478260869565217,False,0.14942679952626056,0.5868131868131867,0.9000000000000001,0.5478260869565217,0.5478260869565217,15.617577130602559,0.0010000000000000002,0.5478260869565217,0.11307225261310842,0.4521739130434783,0.5,0.00010000000000000002,0.4521739130434783,0.8725316938330907,1.0,0.5478260869565217,0.5478260869565217
HOS,23,4.5,0.6472527472527473,0.8930737920206171,0.29743589743589743,0.8714285714285716,0.3158607429096235,0.3847826086956522,11.6,6.1,0.9,27.4,7.0,39.0,0.23202156136938745,0.5691760651629073,0.8714285714285716,0.29743589743589743,0.3396796260836216,0.3350730186588583,0.7025641025641025,0.29743589743589743,1000.0,0.3847826086956522,0.3847826086956522,False,0.14760555980105622,0.5844322344322345,0.9000000000000001,0.3847826086956522,0.3847826086956522,21.24887155681868,0.0010000000000000002,0.3847826086956522,0.12452737183211542,0.6152173913043477,0.5,0.00010000000000000002,0.6152173913043477,0.8718055380927237,1.0,0.3847826086956522,0.3847826086956522
HOS,24,4.5,0.5968864468864471,0.8870295295597262,0.6128205128205126,0.5714285714285714,0.4824761988502404,0.6065217391304348,23.9,4.0,3.0,15.1,7.0,39.0,0.17268311429472574,0.8936789410267669,0.5714285714285714,0.6128205128205126,0.2639185966303817,0.704461413481676,0.38717948717948725,0.6128205128205126,1000.0,0.6065217391304348,0.6065217391304348,False,0.13353276038256057,0.592124542124542,0.9000000000000001,0.6065217391304348,0.6065217391304348,13.590309816090738,0.0010000000000000002,0.6065217391304348,0.09946325687627468,0.3934782608695652,0.5,0.00010000000000000002,0.3934782608695652,0.8735125626675236,0.09999999999999999,0.6065217391304348,0.6065217391304348
HOS,25,4.5,0.7062271062271063,0.913750134237428,0.7102564102564104,0.6714285714285715,0.6854965642609947,0.7043478260869565,27.7,4.7,2.3,11.3,7.0,39.0,0.3022226522187822,0.9242707296155572,0.6714285714285715,0.7102564102564104,0.41086255200705324,0.8005937789943711,0.2897435897435897,0.7102564102564104,1000.0,0.7043478260869565,0.7043478260869565,False,0.2932368044590074,0.6908424908424909,0.9000000000000001,0.7043478260869565,0.7043478260869565,10.211504305323363,0.0010000000000000002,0.7043478260869565,0.2545487292849451,0.29565217391304344,0.5,0.00010000000000000002,0.29565217391304344,0.9015858532905778,0.09999999999999999,0.7043478260869565,0.7043478260869565
HOS,26,4.5,0.6904761904761905,0.9032653572231026,0.753846153846154,0.6857142857142857,0.7155187311984437,0.7434782608695651,29.4,4.8,2.2,9.6,7.0,39.0,0.36105859010270774,0.9307910295118305,0.6857142857142857,0.753846153846154,0.45879823075475257,0.8302933339261926,0.2461538461538461,0.753846153846154,1000.0,0.7434782608695651,0.7434782608695651,False,0.3552642570442501,0.7197802197802198,0.9000000000000001,0.7434782608695651,0.7434782608695651,8.859985229875925,0.0010000000000000002,0.7434782608695651,0.320357666723122,0.25652173913043474,0.5,0.00010000000000000002,0.2565217391304348,0.910075204901117,0.09999999999999999,0.7434782608695651,0.7434782608695651
HOS,27,4.5,0.6862637362637363,0.9072992166542416,0.7256410256410257,0.6857142857142857,0.7042169794287927,0.7195652173913043,28.3,4.8,2.2,10.7,7.0,39.0,0.3118538324420677,0.9280655755071774,0.6857142857142857,0.7256410256410257,0.42738252086078177,0.8139228523371747,0.2743589743589744,0.7256410256410257,1000.0,0.7195652173913043,0.7195652173913043,False,0.31396277373019105,0.7056776556776557,0.9000000000000001,0.7195652173913043,0.7195652173913043,9.685912491493355,0.0010000000000000002,0.7195652173913043,0.27582072483443615,0.28043478260869564,0.5,0.00010000000000000002,0.28043478260869564,0.9060046002049195,0.09999999999999999,0.7195652173913043,0.7195652173913043
HOS,28,4.5,0.6941391941391941,0.9023737358761192,0.7282051282051283,0.6714285714285715,0.6943171030087188,0.7195652173913044,28.4,4.7,2.3,10.6,7.0,39.0,0.3213382154481226,0.9257449255183581,0.6714285714285715,0.7282051282051283,0.42666529880084864,0.8123025888575761,0.2717948717948718,0.7282051282051283,1000.0,0.7195652173913044,0.7195652173913044,False,0.312999915457215,0.6998168498168499,0.9000000000000001,0.7195652173913044,0.7195652173913044,9.685914229748635,0.0010000000000000002,0.7195652173913044,0.2769771815469689,0.2804347826086956,0.5,0.00010000000000000002,0.2804347826086956,0.904245734096583,0.09999999999999999,0.7195652173913044,0.7195652173913044
HOS,29,4.5,0.7042124542124544,0.9179710583560874,0.5948717948717949,0.7285714285714286,0.6078865823385582,0.6152173913043477,23.2,5.1,1.9,15.8,7.0,39.0,0.27476550401035527,0.830899652389216,0.7285714285714286,0.5948717948717949,0.3872741350109031,0.6887599186519653,0.40512820512820513,0.5948717948717949,1000.0,0.6152173913043477,0.6152173913043477,False,0.24760120083152581,0.6617216117216117,0.9000000000000001,0.6152173913043477,0.6152173913043477,13.289953509239922,0.0010000000000000002,0.6152173913043477,0.21021323037010017,0.3847826086956522,0.5,0.00010000000000000002,0.3847826086956522,0.8933893898068703,0.09999999999999999,0.6152173913043477,0.6152173913043477
HOS,30,4.5,0.5877289377289378,0.9098138324917233,0.6538461538461539,0.48571428571428577,0.38442190053992986,0.6282608695652174,25.5,3.4,3.6,13.5,7.0,39.0,0.16152518978605934,0.7988186763506457,0.48571428571428577,0.6538461538461539,0.23066380544741696,0.7022591641806705,0.34615384615384615,0.6538461538461539,1000.0,0.6282608695652174,0.6282608695652174,False,0.10254151578653004,0.5697802197802198,0.9000000000000001,0.6282608695652174,0.6282608695652174,12.83947728051568,0.0010000000000000002,0.6282608695652174,0.07575843307964412,0.3717391304347826,0.5,0.00010000000000000002,0.3717391304347826,0.8682663381896119,0.00010000000000000002,0.6282608695652174,0.6282608695652174
HOS,31,4.5,0.6860805860805861,0.8968295249167705,0.7564102564102565,0.6857142857142857,0.7187477524909991,0.7456521739130435,29.5,4.8,2.2,9.5,7.0,39.0,0.3437841978283155,0.9305566671000488,0.6857142857142857,0.7564102564102565,0.45481558367747627,0.8333546529587302,0.24358974358974356,0.7564102564102565,1000.0,0.7456521739130435,0.7456521739130435,False,0.3478101561137866,0.7210622710622712,0.9000000000000001,0.7456521739130435,0.7456521739130435,8.784900933365247,0.0010000000000000002,0.7456521739130435,0.31512328493904634,0.25434782608695655,0.5,0.00010000000000000002,0.25434782608695655,0.9105447498608982,0.00010000000000000002,0.7456521739130435,0.7456521739130435
HOS,32,4.5,0.6743589743589744,0.8862889737834874,0.8153846153846154,0.6285714285714287,0.7113826806275079,0.7869565217391306,31.8,4.4,2.6,7.2,7.0,39.0,0.38356240981240985,0.925205445383464,0.6285714285714287,0.8153846153846154,0.47219760825764323,0.8658283083940225,0.18461538461538463,0.8153846153846154,1000.0,0.7869565217391306,0.7869565217391306,False,0.36950937512818427,0.721978021978022,0.9000000000000001,0.7869565217391306,0.7869565217391306,7.358306252683548,0.0010000000000000002,0.7869565217391306,0.35001012702896717,0.21304347826086958,0.5,0.00010000000000000002,0.21304347826086953,0.9106125980974549,0.00010000000000000002,0.7869565217391306,0.7869565217391306
HOS,33,4.5,0.6796703296703297,0.9039553101739054,0.7358974358974358,0.6142857142857143,0.6636166884019284,0.7173913043478262,28.7,4.3,2.7,10.3,7.0,39.0,0.30472720906544437,0.9146661742021782,0.6142857142857143,0.7358974358974358,0.40128681969979585,0.8109619577681795,0.26410256410256416,0.7358974358974358,1000.0,0.7173913043478262,0.7173913043478262,False,0.2767130860848021,0.6750915750915751,0.9000000000000001,0.7173913043478262,0.7173913043478262,9.761005479280444,0.0010000000000000002,0.7173913043478259,0.2492036919202243,0.28260869565217395,0.5,0.00010000000000000002,0.2826086956521739,0.8969145857343671,0.00010000000000000002,0.7173913043478262,0.7173913043478262
HOS,34,4.5,0.673992673992674,0.8878845526222235,0.8179487179487179,0.6,0.696301559602287,0.7847826086956521,31.9,4.2,2.8,7.1,7.0,39.0,0.38171779201190964,0.919908693904637,0.6,0.8179487179487179,0.4605931495405179,0.8647236724763336,0.18205128205128207,0.8179487179487179,1000.0,0.7847826086956521,0.7847826086956521,False,0.3538794012624339,0.708974358974359,0.9000000000000001,0.7847826086956521,0.7847826086956521,7.43339402570479,0.0010000000000000002,0.7847826086956521,0.3370500370708589,0.21521739130434786,0.5,0.00010000000000000002,0.21521739130434786,0.9065876191474705,0.00010000000000000002,0.7847826086956521,0.7847826086956521
HOS,35,4.5,0.6767399267399268,0.8931987855402042,0.7410256410256411,0.6428571428571429,0.6862694175454295,0.7260869565217392,28.9,4.5,2.5,10.1,7.0,39.0,0.31659250063661826,0.9204013164205044,0.6428571428571429,0.7410256410256411,0.42033035322165757,0.8195052693216545,0.25897435897435894,0.7410256410256411,1000.0,0.7260869565217392,0.7260869565217392,False,0.30109063299552874,0.6919413919413919,0.9000000000000001,0.7260869565217392,0.7260869565217392,9.460664816727174,0.0010000000000000002,0.7260869565217392,0.2710899709074225,0.2739130434782609,0.5,0.00010000000000000002,0.27391304347826084,0.9020611078043249,0.00010000000000000002,0.7260869565217392,0.7260869565217392
HOSbal,0,4.5,0.5714285714285714,0.6489139828425541,0.6,0.37142857142857144,0.08409070739103822,0.48571428571428577,4.2,2.6,4.4,2.8,7.0,7.0,0.2333333333333333,0.3375,0.37142857142857144,0.6,0.2769230769230769,0.42666666666666664,0.4,0.6,1000.0,0.48571428571428577,0.48571428571428577,False,-0.028867513459481287,0.48571428571428577,0.9000000000000001,0.48571428571428577,0.48571428571428577,17.763050590860697,0.0010000000000000002,0.48571428571428577,-0.02857142857142857,0.5142857142857142,0.5,0.00010000000000000002,0.5142857142857142,0.5017857142857143,1.0,0.48571428571428577,0.48571428571428577
HOSbal,1,4.5,0.6346938775510205,0.6633846510632224,0.6,0.48571428571428577,0.27361640389199954,0.5428571428571429,4.2,3.4,3.6,2.8,7.0,7.0,0.34333028083028083,0.5442490842490842,0.48571428571428577,0.6,0.3960854341736695,0.5043306693306694,0.4,0.6,1000.0,0.5428571428571429,0.5428571428571429,False,0.08663177616662274,0.5428571428571429,0.9000000000000001,0.5428571428571429,0.5428571428571429,15.789360534155502,0.0010000000000000002,0.5428571428571429,0.08571428571428572,0.45714285714285713,0.5,0.00010000000000000002,0.45714285714285713,0.5329618001046572,1.0,0.5428571428571429,0.5428571428571429
HOSbal,2,4.5,0.6816326530612244,0.6608835608835607,0.5714285714285714,0.5285714285714286,0.19776073422236448,0.55,4.0,3.7,3.3,3.0,7.0,7.0,0.3416666666666667,0.4133333333333333,0.5285714285714286,0.5714285714285714,0.4083333333333333,0.4564102564102564,0.42857142857142866,0.5714285714285714,1000.0,0.55,0.55,False,0.10245638646895835,0.55,0.9000000000000001,0.55,0.55,15.542637854246925,0.0010000000000000002,0.55,0.1,0.45,0.5,0.00010000000000000002,0.45,0.5361904761904762,1.0,0.55,0.55
HOSbal,3,4.5,0.5040816326530612,0.568410914482343,0.8,0.2,0.0,0.5,5.6,1.4,5.6,1.4,7.0,7.0,0.1,0.4,0.2,0.8,0.13333333333333333,0.5333333333333333,0.2,0.8,1000.0,0.5,0.5,False,0.0,0.5,0.9000000000000001,0.5,0.5,17.26970803642742,0.0010000000000000002,0.5,0.0,0.5,0.5,0.00010000000000000002,0.5,0.5,1.0,0.5,0.5
HOSbal,4,4.5,0.5428571428571429,0.5755358926787497,0.5,0.5,0.1177520098159898,0.5,3.5,3.5,3.5,3.5,7.0,7.0,0.33214285714285713,0.30350649350649356,0.5,0.5,0.37835497835497833,0.3721755368814192,0.5,0.5,1000.0,0.5,0.5,False,-0.006314805899311271,0.5,0.9000000000000001,0.5,0.5,17.26958809681289,0.0010000000000000002,0.5,0.0,0.5,0.5,0.00010000000000000002,0.5,0.5048608534322819,1.0,0.5,0.5
HOSbal,5,4.5,0.4897959183673469,0.5706193607979323,0.32857142857142857,0.7,0.05345224838248488,0.5142857142857142,2.3,4.9,2.1,4.7,7.0,7.0,0.35833333333333334,0.25,0.7,0.32857142857142857,0.4736842105263158,0.2444444444444444,0.6714285714285715,0.32857142857142857,1000.0,0.5142857142857142,0.5142857142857142,False,0.0408248290463863,0.5142857142857142,0.9000000000000001,0.5142857142857142,0.5142857142857142,16.776097045714003,0.0010000000000000002,0.5142857142857142,0.02857142857142857,0.48571428571428577,0.5,0.00010000000000000002,0.48571428571428577,0.5142857142857142,1.0,0.5142857142857142,0.5142857142857142
HOSbal,6,4.5,0.5489795918367347,0.5998171867814726,0.3142857142857143,0.7428571428571429,0.1568246480610533,0.5285714285714286,2.2,5.2,1.8,4.8,7.0,7.0,0.42521645021645027,0.3047619047619048,0.7428571428571429,0.3142857142857143,0.5340016708437761,0.2692063492063492,0.6857142857142857,0.3142857142857143,1000.0,0.5285714285714286,0.5285714285714286,False,0.06627420630795937,0.5285714285714287,0.9000000000000001,0.5285714285714285,0.5285714285714286,16.282668820127487,0.0010000000000000002,0.5285714285714286,0.05714285714285715,0.47142857142857136,0.5,0.00010000000000000002,0.47142857142857136,0.5272108843537415,0.09999999999999999,0.5285714285714286,0.5285714285714286
HOSbal,7,4.5,0.6979591836734693,0.6538215157858014,0.6142857142857142,0.7142857142857143,0.6614993097856723,0.6642857142857144,4.3,5.0,2.0,2.7,7.0,7.0,0.6517857142857143,0.680952380952381,0.7142857142857143,0.6142857142857142,0.680952380952381,0.645054945054945,0.3857142857142858,0.6142857142857142,1000.0,0.6642857142857144,0.6642857142857144,False,0.33064402278779753,0.6642857142857143,0.9000000000000001,0.6642857142857143,0.6642857142857144,11.595274875067185,0.0010000000000000002,0.6642857142857144,0.32857142857142857,0.33571428571428574,0.5,0.00010000000000000002,0.3357142857142857,0.6125850340136053,0.09999999999999999,0.6642857142857144,0.6642857142857144
HOSbal,8,4.5,0.6816326530612244,0.6462982454053883,0.7142857142857142,0.5428571428571429,0.5269791974285474,0.6285714285714286,5.0,3.8,3.2,2.0,7.0,7.0,0.5255952380952381,0.6339285714285714,0.5428571428571429,0.7142857142857142,0.5329670329670331,0.656043956043956,0.2857142857142857,0.7142857142857142,1000.0,0.6285714285714286,0.6285714285714286,False,0.258327196695068,0.6285714285714286,0.9000000000000001,0.6285714285714286,0.6285714285714286,12.828871140379443,0.0010000000000000002,0.6285714285714286,0.2571428571428571,0.3714285714285714,0.5,0.00010000000000000002,0.3714285714285714,0.5875,0.09999999999999999,0.6285714285714286,0.6285714285714286
HOSbal,9,4.5,0.5265306122448978,0.5859597347097347,0.5,0.5,0.0,0.5,3.5,3.5,3.5,3.5,7.0,7.0,0.25,0.25,0.5,0.5,0.3333333333333333,0.3333333333333333,0.5,0.5,1000.0,0.5,0.5,False,0.0,0.5,0.9000000000000001,0.5,0.5,17.26958809681289,0.0010000000000000002,0.5,0.0,0.5,0.5,0.00010000000000000002,0.5,0.5,0.09999999999999999,0.5,0.5
HOSbal,10,4.5,0.6653061224489796,0.6566721968507683,0.5142857142857142,0.5428571428571429,0.12777531299998798,0.5285714285714286,3.6,3.8,3.2,3.4,7.0,7.0,0.325,0.3333333333333333,0.5428571428571429,0.5142857142857142,0.39999999999999997,0.3897435897435897,0.48571428571428577,0.5142857142857142,1000.0,0.5285714285714286,0.5285714285714286,False,0.057735026918962574,0.5285714285714286,0.9000000000000001,0.5285714285714286,0.5285714285714286,16.282748779870506,0.0010000000000000002,0.5285714285714286,0.05714285714285714,0.4714285714285714,0.5,0.00010000000000000002,0.4714285714285714,0.5190476190476191,0.09999999999999999,0.5285714285714286,0.5285714285714286
HOSbal,11,4.5,0.5408163265306123,0.6004554175982746,0.4,0.6,0.0,0.5,2.8,4.2,2.8,4.2,7.0,7.0,0.3,0.2,0.6,0.4,0.39999999999999997,0.26666666666666666,0.6,0.4,1000.0,0.5,0.5,False,0.0,0.5,0.9000000000000001,0.5,0.5,17.269548116941383,0.0010000000000000002,0.5,0.0,0.5,0.5,0.00010000000000000002,0.5,0.5,0.09999999999999999,0.5,0.5
HOSbal,12,4.5,0.6673469387755101,0.7020355239998097,0.5857142857142856,0.6142857142857143,0.4643373511283526,0.6,4.1,4.3,2.7,2.9,7.0,7.0,0.5892857142857143,0.5514652014652015,0.6142857142857143,0.5857142857142856,0.5557769423558898,0.5424053724053725,0.41428571428571426,0.5857142857142856,1000.0,0.6,0.6,False,0.2140414653016526,0.5999999999999999,0.9000000000000001,0.5999999999999999,0.6,13.815664766040095,0.0010000000000000002,0.6,0.2,0.4,0.5,0.00010000000000000002,0.4,0.5688121402407116,0.00010000000000000002,0.6,0.6
HOSbal,13,4.5,0.6979591836734695,0.6743458922030351,0.6142857142857142,0.7142857142857143,0.6614993097856723,0.6642857142857144,4.3,5.0,2.0,2.7,7.0,7.0,0.6517857142857143,0.680952380952381,0.7142857142857143,0.6142857142857142,0.680952380952381,0.6450549450549449,0.3857142857142858,0.6142857142857142,1000.0,0.6642857142857144,0.6642857142857144,False,0.33064402278779764,0.6642857142857143,0.9000000000000001,0.6642857142857143,0.6642857142857144,11.595274875067185,0.0010000000000000002,0.6642857142857144,0.3285714285714285,0.33571428571428574,0.5,0.00010000000000000002,0.3357142857142857,0.6125850340136053,0.00010000000000000002,0.6642857142857144,0.6642857142857144
HOSbal,14,4.5,0.6795918367346939,0.6397493379636237,0.6571428571428571,0.6857142857142857,0.6683931900794954,0.6714285714285715,4.6,4.8,2.2,2.4,7.0,7.0,0.6728571428571428,0.6761904761904762,0.6857142857142857,0.6571428571428571,0.6761904761904762,0.664010989010989,0.34285714285714286,0.6571428571428571,1000.0,0.6714285714285715,0.6714285714285715,False,0.3459056991022066,0.6714285714285715,0.9000000000000001,0.6714285714285715,0.6714285714285715,11.348580752209681,0.0010000000000000002,0.6714285714285715,0.34285714285714286,0.32857142857142857,0.5,0.00010000000000000002,0.3285714285714285,0.6176870748299319,0.00010000000000000002,0.6714285714285715,0.6714285714285715
HOSbal,15,4.5,0.6857142857142857,0.7133513906728192,0.48571428571428565,0.6000000000000001,0.2661404232897447,0.5428571428571429,3.4,4.2,2.8,3.6,7.0,7.0,0.4418831168831169,0.3880952380952381,0.6000000000000001,0.48571428571428565,0.4825396825396825,0.4109967225756699,0.5142857142857143,0.48571428571428565,1000.0,0.5428571428571429,0.5428571428571429,False,0.08318440418053566,0.5428571428571429,0.9000000000000001,0.5428571428571429,0.5428571428571429,15.789314842873775,0.0010000000000000002,0.5428571428571429,0.08571428571428572,0.45714285714285713,0.5,0.00010000000000000002,0.45714285714285713,0.5319727891156463,0.00010000000000000002,0.5428571428571429,0.5428571428571429
HOSbal,16,4.5,0.6346938775510205,0.6039334078619792,0.6142857142857143,0.5142857142857143,0.28648749766002146,0.5642857142857143,4.3,3.6,3.4,2.7,7.0,7.0,0.4509740259740259,0.47527472527472525,0.5142857142857143,0.6142857142857143,0.42976190476190473,0.5045054945054945,0.3857142857142858,0.6142857142857143,1000.0,0.5642857142857143,0.5642857142857143,False,0.14573494518293667,0.5642857142857143,0.9000000000000001,0.5642857142857143,0.5642857142857143,15.049232474301274,0.0010000000000000002,0.5642857142857143,0.1285714285714286,0.43571428571428567,0.5,0.00010000000000000002,0.43571428571428567,0.5429618001046572,0.00010000000000000002,0.5642857142857143,0.5642857142857143
HOSbal,17,4.5,0.5714285714285714,0.6047393677750821,0.3,0.7,0.0,0.5,2.1,4.9,2.1,4.9,7.0,7.0,0.35,0.15,0.7,0.3,0.4666666666666666,0.2,0.7,0.3,1000.0,0.5,0.5,False,0.0,0.5,0.9000000000000001,0.5,0.5,17.26950813706987,0.0010000000000000002,0.5,0.0,0.5,0.5,0.00010000000000000002,0.5,0.5,0.00010000000000000002,0.5,0.5
HOSbal,18,4.5,0.6112244897959183,0.7122544915402058,0.5857142857142857,0.5428571428571429,0.2735707529114741,0.5642857142857143,4.1,3.8,3.2,2.9,7.0,7.0,0.40557775557775555,0.5339285714285714,0.5428571428571429,0.5857142857142857,0.43630036630036634,0.48625313283208016,0.41428571428571426,0.5857142857142857,1000.0,0.5642857142857143,0.5642857142857143,False,0.15168296291459496,0.5642857142857143,0.9000000000000001,0.5642857142857143,0.5642857142857143,15.049221051480842,0.0010000000000000002,0.5642857142857143,0.1285714285714286,0.43571428571428567,0.5,0.00010000000000000002,0.43571428571428567,0.5528061224489795,1.0,0.5642857142857143,0.5642857142857143
HOSbal,19,4.5,0.6673469387755102,0.6327216830788259,0.7857142857142857,0.4,0.44107595476149336,0.5928571428571429,5.5,2.8,4.2,1.5,7.0,7.0,0.48982683982683983,0.6178571428571429,0.4,0.7857142857142857,0.41037851037851036,0.6589974937343358,0.21428571428571427,0.7857142857142857,1000.0,0.5928571428571429,0.5928571428571429,False,0.19567260941995762,0.5928571428571429,0.9000000000000001,0.5928571428571429,0.5928571428571429,14.062455982871267,0.0010000000000000002,0.5928571428571429,0.18571428571428572,0.40714285714285714,0.5,0.00010000000000000002,0.40714285714285714,0.5698979591836735,1.0,0.5928571428571429,0.5928571428571429
HOSbal,20,4.5,0.7142857142857142,0.686022925487211,0.6714285714285715,0.6714285714285715,0.6698363402856903,0.6714285714285715,4.7,4.7,2.3,2.3,7.0,7.0,0.6726190476190477,0.6726190476190477,0.6714285714285715,0.6714285714285715,0.6706959706959708,0.6706959706959708,0.32857142857142846,0.6714285714285715,1000.0,0.6714285714285715,0.6714285714285715,False,0.34404148240935367,0.6714285714285715,0.9000000000000001,0.6714285714285715,0.6714285714285715,11.348586463619899,0.0010000000000000002,0.6714285714285715,0.34285714285714286,0.32857142857142857,0.5,0.00010000000000000002,0.3285714285714285,0.617517006802721,1.0,0.6714285714285715,0.6714285714285715
HOSbal,21,4.5,0.6122448979591837,0.6427434272077128,0.7571428571428571,0.38571428571428573,0.31108619696933715,0.5714285714285714,5.3,2.7,4.3,1.7,7.0,7.0,0.3105952380952381,0.5930952380952381,0.38571428571428573,0.7571428571428571,0.3425070028011204,0.6238761238761239,0.24285714285714288,0.7571428571428571,1000.0,0.5714285714285714,0.5714285714285714,False,0.14806879246830373,0.5714285714285714,0.9000000000000001,0.5714285714285714,0.5714285714285714,14.80257833131528,0.0010000000000000002,0.5714285714285714,0.14285714285714285,0.42857142857142855,0.5,0.00010000000000000002,0.42857142857142855,0.552687074829932,1.0,0.5714285714285714,0.5714285714285714
HOSbal,22,4.5,0.657142857142857,0.6549549854906997,0.6142857142857143,0.6428571428571429,0.5457397437411977,0.6285714285714286,4.3,4.5,2.5,2.7,7.0,7.0,0.5694017094017094,0.7027777777777777,0.6428571428571429,0.6142857142857143,0.5879881393116688,0.6047257644316467,0.3857142857142858,0.6142857142857143,1000.0,0.6285714285714286,0.6285714285714286,False,0.2827947530042338,0.6285714285714284,0.9000000000000001,0.6285714285714284,0.6285714285714286,12.828831160507931,0.0010000000000000002,0.6285714285714286,0.2571428571428571,0.3714285714285714,0.5,0.00010000000000000002,0.3714285714285715,0.6030158730158729,1.0,0.6285714285714286,0.6285714285714286
HOSbal,23,4.5,0.6581632653061225,0.6693366950509806,0.27142857142857146,0.8714285714285716,0.2998695801753084,0.5714285714285714,1.9,6.1,0.9,5.1,7.0,7.0,0.5689255189255189,0.3653571428571429,0.8714285714285716,0.27142857142857146,0.6702289377289378,0.2845238095238095,0.7285714285714284,0.27142857142857146,1000.0,0.5714285714285714,0.5714285714285714,False,0.15722392883502706,0.5714285714285714,0.9000000000000001,0.5714285714285714,0.5714285714285714,14.802384143367949,0.0010000000000000002,0.5714285714285714,0.14285714285714288,0.4285714285714285,0.5,0.00010000000000000002,0.42857142857142855,0.550969387755102,1.0,0.5714285714285714,0.5714285714285714
HOSbal,24,4.5,0.6459183673469389,0.6449278499278498,0.6714285714285715,0.5714285714285714,0.5139933273767852,0.6214285714285714,4.7,4.0,3.0,2.3,7.0,7.0,0.5162698412698413,0.6290476190476191,0.5714285714285714,0.6714285714285715,0.5403711484593837,0.6284881784881785,0.32857142857142857,0.6714285714285715,1000.0,0.6214285714285714,0.6214285714285714,False,0.24407071819753262,0.6214285714285713,0.9000000000000001,0.6214285714285714,0.6214285714285714,13.075565263236943,0.0010000000000000002,0.6214285714285714,0.24285714285714288,0.3785714285714285,0.5,0.00010000000000000002,0.37857142857142856,0.5845578231292516,0.09999999999999999,0.6214285714285714,0.6214285714285714
HOSbal,25,4.5,0.7265306122448978,0.7110767010767011,0.6714285714285715,0.6714285714285715,0.668021816660082,0.6714285714285715,4.7,4.7,2.3,2.3,7.0,7.0,0.6713095238095239,0.6751984126984129,0.6714285714285715,0.6714285714285715,0.6686813186813187,0.6709249084249083,0.32857142857142857,0.6714285714285715,1000.0,0.6714285714285715,0.6714285714285715,False,0.3446628879736379,0.6714285714285715,0.9000000000000001,0.6714285714285714,0.6714285714285715,11.348586463619899,0.0010000000000000002,0.6714285714285715,0.3428571428571428,0.32857142857142857,0.5,0.00010000000000000002,0.32857142857142857,0.6179988662131518,0.09999999999999999,0.6714285714285715,0.6714285714285715
HOSbal,26,4.5,0.7142857142857143,0.6901835862550147,0.7571428571428571,0.6857142857142857,0.7150734457036849,0.7214285714285714,5.3,4.8,2.2,1.7,7.0,7.0,0.7625,0.7066666666666668,0.6857142857142857,0.7571428571428571,0.7121212121212122,0.7262443438914027,0.2428571428571428,0.7571428571428571,1000.0,0.7214285714285714,0.7214285714285714,False,0.4553586198662164,0.7214285714285714,0.9000000000000001,0.7214285714285714,0.7214285714285714,9.621641932464149,0.0010000000000000002,0.7214285714285714,0.44285714285714295,0.2785714285714285,0.5,0.00010000000000000002,0.2785714285714285,0.6566666666666665,0.09999999999999999,0.7214285714285714,0.7214285714285714
HOSbal,27,4.5,0.7091836734693879,0.7179170829170829,0.6857142857142857,0.6857142857142857,0.6849181701428452,0.6857142857142857,4.8,4.8,2.2,2.2,7.0,7.0,0.6863095238095239,0.6863095238095239,0.6857142857142857,0.6857142857142857,0.6853479853479854,0.6853479853479854,0.3142857142857142,0.6857142857142857,1000.0,0.6857142857142857,0.6857142857142857,False,0.37202074120467676,0.6857142857142857,0.9000000000000001,0.6857142857142857,0.6857142857142857,10.855169660853814,0.0010000000000000002,0.6857142857142857,0.37142857142857155,0.3142857142857142,0.5,0.00010000000000000002,0.31428571428571417,0.6296768707482993,0.09999999999999999,0.6857142857142857,0.6857142857142857
HOSbal,28,4.5,0.7183673469387755,0.6898723102294531,0.7,0.6714285714285715,0.6794004005383483,0.6857142857142858,4.9,4.7,2.3,2.1,7.0,7.0,0.6996428571428572,0.6838095238095239,0.6714285714285715,0.7,0.6783549783549784,0.6873464770523594,0.3,0.7,1000.0,0.6857142857142858,0.6857142857142858,False,0.37723239081583765,0.6857142857142857,0.9000000000000001,0.6857142857142857,0.6857142857142858,10.855175372264032,0.0010000000000000002,0.6857142857142858,0.37142857142857144,0.3142857142857143,0.5,0.00010000000000000002,0.3142857142857142,0.6279591836734693,0.09999999999999999,0.6857142857142858,0.6857142857142858
HOSbal,29,4.5,0.7326530612244897,0.738404611261754,0.6142857142857143,0.7285714285714286,0.6195109913578569,0.6714285714285715,4.3,5.1,1.9,2.7,7.0,7.0,0.6732142857142858,0.6232142857142857,0.7285714285714286,0.6142857142857143,0.6908424908424909,0.6169963369963369,0.3857142857142857,0.6142857142857143,1000.0,0.6714285714285715,0.6714285714285715,False,0.3446336521854591,0.6714285714285714,0.9000000000000001,0.6714285714285714,0.6714285714285715,11.348563617979035,0.0010000000000000002,0.6714285714285715,0.34285714285714286,0.32857142857142857,0.5,0.00010000000000000002,0.32857142857142857,0.6201530612244899,0.09999999999999999,0.6714285714285715,0.6714285714285715
HOSbal,30,4.5,0.5561224489795918,0.6692805210662354,0.6142857142857142,0.48571428571428577,0.3684079274767755,0.5499999999999999,4.3,3.4,3.6,2.7,7.0,7.0,0.4186327561327562,0.5313852813852814,0.48571428571428577,0.6142857142857142,0.4307967032967032,0.5397924297924297,0.3857142857142857,0.6142857142857142,1000.0,0.5499999999999999,0.5499999999999999,False,0.10028106139961879,0.55,0.9000000000000001,0.5499999999999999,0.5499999999999999,15.542654988477574,0.0010000000000000002,0.5499999999999999,0.10000000000000002,0.45,0.5,0.00010000000000000002,0.45,0.5475881261595548,0.00010000000000000002,0.5499999999999999,0.5499999999999999
HOSbal,31,4.5,0.6795918367346938,0.6246431941074797,0.6714285714285715,0.6857142857142857,0.6765811396428272,0.6785714285714286,4.7,4.8,2.2,2.3,7.0,7.0,0.6779761904761905,0.6821428571428572,0.6857142857142857,0.6714285714285715,0.6802197802197802,0.6750915750915751,0.32857142857142857,0.6714285714285715,1000.0,0.6785714285714286,0.6785714285714286,False,0.3586232815831207,0.6785714285714286,0.9000000000000001,0.6785714285714286,0.6785714285714286,11.101875206531748,0.0010000000000000002,0.6785714285714286,0.3571428571428572,0.3214285714285714,0.5,0.00010000000000000002,0.3214285714285714,0.6229591836734694,0.00010000000000000002,0.6785714285714286,0.6785714285714286
HOSbal,32,4.5,0.6653061224489797,0.5751814058956917,0.7428571428571429,0.6285714285714287,0.6783819924841806,0.6857142857142857,5.2,4.4,2.6,1.8,7.0,7.0,0.7102380952380953,0.6732936507936509,0.6285714285714287,0.7428571428571429,0.6613220113220113,0.7033263305322129,0.25714285714285706,0.7428571428571429,1000.0,0.6857142857142857,0.6857142857142857,False,0.3772616266040165,0.6857142857142857,0.9000000000000001,0.6857142857142857,0.6857142857142857,10.855192506494678,0.0010000000000000002,0.6857142857142857,0.37142857142857155,0.3142857142857142,0.5,0.00010000000000000002,0.3142857142857142,0.6275907029478457,0.00010000000000000002,0.6857142857142857,0.6857142857142857
HOSbal,33,4.5,0.6877551020408162,0.6589861527361526,0.6857142857142857,0.6142857142857143,0.6400837519391528,0.6500000000000001,4.8,4.3,2.7,2.2,7.0,7.0,0.665436507936508,0.6459920634920636,0.6142857142857143,0.6857142857142857,0.6309648684648685,0.6595076492135317,0.3142857142857142,0.6857142857142857,1000.0,0.6500000000000001,0.6500000000000001,False,0.30550773449921353,0.6500000000000001,0.9000000000000001,0.6500000000000001,0.6500000000000001,12.088725946294561,0.0010000000000000002,0.6500000000000001,0.3,0.35,0.5,0.00010000000000000002,0.35,0.60047052154195,0.00010000000000000002,0.6500000000000001,0.6500000000000001
HOSbal,34,4.5,0.6632653061224489,0.5954764877979164,0.7714285714285715,0.6,0.6750054007288772,0.6857142857142857,5.4,4.2,2.8,1.6,7.0,7.0,0.7340476190476191,0.6629365079365079,0.6,0.7714285714285715,0.6527306027306027,0.7094887955182074,0.2285714285714285,0.7714285714285715,1000.0,0.6857142857142857,0.6857142857142857,False,0.38366040755257974,0.6857142857142856,0.9000000000000001,0.6857142857142856,0.6857142857142857,10.855203929315111,0.0010000000000000002,0.6857142857142857,0.37142857142857144,0.3142857142857143,0.5,0.00010000000000000002,0.3142857142857143,0.625907029478458,0.00010000000000000002,0.6857142857142857,0.6857142857142857
HOSbal,35,4.5,0.6571428571428573,0.609052812267098,0.7,0.6428571428571429,0.6648160216911074,0.6714285714285715,4.9,4.5,2.5,2.1,7.0,7.0,0.6861904761904762,0.6667460317460318,0.6428571428571429,0.7,0.6576590076590076,0.6790223012281835,0.29999999999999993,0.7,1000.0,0.6714285714285715,0.6714285714285715,False,0.3477142360038933,0.6714285714285714,0.9000000000000001,0.6714285714285714,0.6714285714285715,11.348597886440329,0.0010000000000000002,0.6714285714285715,0.34285714285714286,0.32857142857142857,0.5,0.00010000000000000002,0.32857142857142857,0.6183219954648524,0.00010000000000000002,0.6714285714285715,0.6714285714285715
