id_data,id_estm,id_fold,roc,prauc,sens,spec,gmean,matt,score,tp,tn,fp,fn,sp0,sp1,p0,p1,r0,r1,fs0,fs1,nlike,plike,ber,bcr,cohen_kappa_score,accuracy,prec_score,momentum,alpha,avg_prec_score,imb_spec_micro,tol,matthews_corrcoef,warm_start,zero_one_loss,log_loss,rec_score,learning_rate_init,power_t,max_iter,hinge_loss,fbeta_score,hamming_loss,f1_score,roc_auc_score,pr_curve,imb_sens_micro
HOS,0,3.0276503540974917,0.0022631548805118573,0.0008079733240773947,0.008115026673394433,0.008111112725161447,0.003912453083705235,0.007285519525620321,0.004502027167178328,9.24301538099628,4.696334267868464,4.696334267868458,9.243015380996264,0.0,0.0,0.004218983575899507,0.0038173966122513185,0.008111112725161447,0.008115026673394433,0.003997404713297244,0.005397643499583979,0.030266211906322185,0.052815041746181554,0.008115026673394433,0.008115026673394433,0.007195359368253007,0.004502027167178328,0.004502027167178328,0.0,0.0,0.002443516285337194,0.004502027167178328,0.0,0.007285519525620321,0.0,0.004502027167178332,0.15549440268832113,0.004502027167178328,0.0,0.0,0.0,,0.00450202716717832,0.004502027167178305,0.004502027167178328,0.003852426109077988,,0.004502027167178328
HOS,1,3.0276503540974917,0.0034285026597249387,0.0024670143421625015,0.008546810569344181,0.012207123344339516,0.00425706271443071,0.008332471291233053,0.004119985650567221,9.734817238483057,7.0679244163725565,7.06792441637258,9.73481723848304,0.0,0.0,0.0042204123752572235,0.005047067439359799,0.012207123344339516,0.008546810569344181,0.005356975061225726,0.004868013349604483,0.03118018237307883,0.061885638515505235,0.008546810569344178,0.008546810569344181,0.007692666921381138,0.004119985650567221,0.004119985650567221,0.0,0.0,0.0028585023123513824,0.004119985650567221,0.0,0.008332471291233053,0.0,0.004119985650567229,0.1422994370587788,0.004119985650567221,0.0,0.0,0.0,,0.004119985650567228,0.004119985650567264,0.004119985650567221,0.004432324462507345,,0.004119985650567221
HOS,2,3.0276503540974917,0.0012659527011267312,0.0011956635997019014,0.016296671138531553,0.022930130803962223,0.004341776389250255,0.009006922441893895,0.004575431242159719,18.561908426787486,13.276545735494107,13.276545735494103,18.56190842678749,0.0,0.0,0.004312642420288043,0.00799660686363503,0.022930130803962223,0.016296671138531553,0.007228233372393601,0.00786236201943508,0.03134361197298298,0.09569445144545669,0.0162966711385316,0.016296671138531553,0.00723531470647245,0.004575431242159719,0.004575431242159719,0.0,0.0,0.003345294626592601,0.004575431242159719,0.0,0.009006922441893895,0.0,0.004575431242159693,0.1580266440837403,0.004575431242159719,0.0,0.0,0.0,,0.004575431242159705,0.004575431242159662,0.004575431242159719,0.004882029197677908,,0.004575431242159719
HOS,3,3.0276503540974917,0.005605694599632835,0.006574466339996028,0.007743460013322263,0.012826733394711447,0.007561995804650411,0.014664505963976228,0.006974348568396958,8.819800955174017,7.426678635537931,7.4266786355379315,8.819800955174049,0.0,0.0,0.00704092046033341,0.007271866137049576,0.012826733394711447,0.007743460013322263,0.008500775888808583,0.006461988240112904,0.049237037529614835,0.08578503320634688,0.0077434600133222545,0.007743460013322263,0.013826742233353524,0.006974348568396958,0.006974348568396958,0.0,0.0,0.004834027690805737,0.006974348568396958,0.0,0.014664505963976228,0.0,0.006974348568396952,0.24088781447092616,0.006974348568396958,0.0,0.0,0.0,,0.006974348568396948,0.006974348568396926,0.006974348568396958,0.00775553358197703,,0.006974348568396958
HOS,4,3.0276503540974917,0.006560741617568842,0.006934883559154498,0.15333148346768802,0.09209142669971274,0.09157418299355624,0.035714393303049076,0.07077480680831014,174.6445596696966,53.32093605913369,53.32093605913368,174.6445596696966,0.0,0.0,0.03620637845698502,0.039989926334564906,0.09209142669971274,0.15333148346768802,0.011350426396916127,0.1458470045642913,0.21561502192449794,1.2761949717279695,0.15333148346768802,0.15333148346768802,0.06289390860657527,0.07077480680831014,0.07077480680831014,0.0,0.0,0.015205736758743585,0.07077480680831014,0.0,0.035714393303049076,0.0,0.07077480680831012,2.444450588891805,0.07077480680831014,0.0,0.0,0.0,,0.07077480680831011,0.07077480680831014,0.07077480680831014,0.031019647340453527,,0.07077480680831014
HOS,5,3.0276503540974917,0.02714278450556647,0.03087737345570255,0.5163977794943222,0.5163977794943222,0.0,,0.16832523662213067,588.177070844033,298.9943143272126,298.9943143272126,588.1770708440331,0.0,0.0,0.17403627143609582,0.34236150805822646,0.5163977794943222,0.5163977794943222,0.260334622836058,0.411744536817664,,,0.5163977794943222,0.5163977794943222,0.0,0.16832523662213067,0.16832523662213067,0.0,0.0,0.0,0.16832523662213067,0.0,0.0,0.0,0.16832523662213064,5.813608550356797,0.16832523662213067,0.0,0.0,0.0,,0.16832523662213064,0.16832523662213064,0.16832523662213067,0.0,,0.16832523662213067
HOS,6,3.0276503540974917,0.0036973491401807628,0.0010192228321427572,0.017080839735156908,0.016012473060396028,0.003950252834868228,0.005712694320359061,0.0065685096464650015,19.455076458343726,9.271221901969326,9.271221901969323,19.45507645834373,0.0,0.0,0.005417838476988968,0.005525721194816171,0.016012473060396028,0.017080839735156908,0.0032182040253604916,0.010303617893043128,0.038254622991616964,0.08357729785031764,0.017080839735156908,0.017080839735156908,0.006681346365591124,0.0065685096464650015,0.0065685096464650015,0.0,0.0,0.0019367117142087915,0.0065685096464650015,0.0,0.005712694320359061,0.0,0.006568509646464994,0.22686487920812565,0.0065685096464650015,0.0,0.0,0.0,,0.006568509646464978,0.006568509646464971,0.0065685096464650015,0.003040476865378133,,0.0065685096464650015
HOS,7,3.0276503540974917,0.004929053987086268,0.0031765247011570977,0.01244245811718256,0.017552874150981685,0.008544276383490191,0.01592943187534201,0.007980971595344628,14.171959795470924,10.163114133418402,10.1631141334184,14.171959795470933,0.0,0.0,0.009834323681288287,0.007939938945874313,0.017552874150981685,0.01244245811718256,0.010035275165222601,0.007604993105418097,0.10305982975456239,0.14939729550512598,0.01244245811718257,0.01244245811718256,0.015717390814926267,0.007980971595344628,0.007980971595344628,0.0,0.0,0.005860002890451063,0.007980971595344628,0.0,0.01592943187534201,0.0,0.00798097159534463,0.2756545284273837,0.007980971595344628,0.0,0.0,0.0,,0.007980971595344645,0.007980971595344636,0.007980971595344622,0.00846788169906354,,0.007980971595344628
HOS,8,3.0276503540974917,0.008318202116123151,0.005764501309365533,0.01306301085486087,0.010031157865112047,0.00810666473318763,0.016982851888218936,0.009228694758987811,14.878769363686544,5.808040403899869,5.8080404038998665,14.878769363686558,0.0,0.0,0.014445680924126991,0.0052253915728602204,0.010031157865112047,0.01306301085486087,0.01012875752286458,0.008268819521297393,0.23395337070704206,0.15360442698931745,0.013063010854860883,0.01306301085486087,0.017671779420910392,0.009228694758987811,0.009228694758987811,0.0,0.0,0.005611215168494044,0.009228694758987811,0.0,0.016982851888218936,0.0,0.009228694758987802,0.3187487601594786,0.009228694758987811,0.0,0.0,0.0,,0.009228694758987811,0.009228694758987814,0.009228694758987818,0.008148701789768694,,0.009228694758987811
HOS,9,3.0276503540974917,0.009932135415638213,0.00748179057152369,0.015755572254806373,0.017740691119642035,0.00772060610372418,0.014575816125762671,0.008484865322563661,17.94559679822451,10.271860158272748,10.271860158272759,17.945596798224464,0.0,0.0,0.009737712153856869,0.007546796821740993,0.017740691119642035,0.015755572254806373,0.008727494069357066,0.009291011462833969,0.08616140404984096,0.12595620976338004,0.015755572254806366,0.015755572254806373,0.014638488504576077,0.008484865322563661,0.008484865322563661,0.0,0.0,0.005146246387700133,0.008484865322563661,0.0,0.014575816125762671,0.0,0.008484865322563644,0.2930568015891853,0.008484865322563661,0.0,0.0,0.0,,0.00848486532256365,0.008484865322563626,0.008484865322563661,0.007695049506319706,,0.008484865322563661
HOS,10,3.0276503540974917,0.009399563737496721,0.007432793425636157,0.015477239058374857,0.016222225450322796,0.0106877720867568,0.02078705945766388,0.011160853485196477,17.628575287488964,9.39266853573691,9.392668535736915,17.62857528748897,0.0,0.0,0.014385776944537482,0.008235458516796784,0.016222225450322796,0.015477239058374857,0.012371804856033272,0.010395905488945407,0.1626436888755747,0.18187006919311505,0.015477239058374842,0.015477239058374857,0.021152490190251554,0.011160853485196477,0.011160853485196477,0.0,0.0,0.007304447137441215,0.011160853485196477,0.0,0.02078705945766388,0.0,0.011160853485196482,0.38548398408038925,0.011160853485196477,0.0,0.0,0.0,,0.011160853485196487,0.011160853485196479,0.011160853485196496,0.01066763115880726,,0.011160853485196477
HOS,11,3.0276503540974917,0.040415566818231684,0.02582499814889122,0.15127949792592574,0.23900886787795736,0.22104088558689142,,0.05194662190063255,172.30734813762945,138.38613450133732,138.38613450133732,172.30734813762942,0.0,0.0,0.16804824678483352,0.053402204576850104,0.23900886787795736,0.15127949792592574,0.1931303176229304,0.08009534201983375,,0.4894330880076237,0.15127949792592574,0.15127949792592574,0.12605253749376064,0.05194662190063255,0.05194662190063255,0.0,0.0,0.03767409878575958,0.05194662190063255,0.0,0.12522147955438662,0.0,0.05194662190063255,1.794166046078962,0.05194662190063255,0.0,0.0,0.0,,0.05194662190063255,0.051946621900632574,0.05194662190063255,0.06713540726539337,,0.05194662190063255
HOS,12,3.0276503540974917,0.0034444226922012303,0.001091854727523906,0.01760213281950903,0.01406536384356232,0.006600213441666788,0.01016024100121155,0.008508126442667553,20.048829281420797,8.14384566542259,8.143845665422587,20.04882928142077,0.0,0.0,0.007210213357460218,0.005686873050216906,0.01406536384356232,0.01760213281950903,0.0051370258116798856,0.011735633713231062,0.05089190384785825,0.08754152094954779,0.017602132819509005,0.01760213281950903,0.01115536252630626,0.008508126442667553,0.008508126442667553,0.0,0.0,0.003397607753399552,0.008508126442667553,0.0,0.01016024100121155,0.0,0.0085081264426676,0.29385833479390083,0.008508126442667553,0.0,0.0,0.0,,0.008508126442667555,0.008508126442667553,0.008508126442667553,0.005513045508170745,,0.008508126442667553
HOS,13,3.0276503540974917,0.007531751683460013,0.004455274427369839,0.010910946375362704,0.017781744630374748,0.010403397009408318,0.019657302001248128,0.009296972099892047,12.427567921538168,10.295630140986999,10.295630140986999,12.42756792153816,0.0,0.0,0.011559093792202749,0.008763833101917891,0.017781744630374748,0.010910946375362704,0.01233259356340402,0.007955951581444291,0.12775986889520277,0.16440311795180437,0.010910946375362728,0.010910946375362704,0.019311992586810586,0.009296972099892047,0.009296972099892047,0.0,0.0,0.0070927879400738926,0.009296972099892047,0.0,0.019657302001248128,0.0,0.009296972099892071,0.3211090516212339,0.009296972099892047,0.0,0.0,0.0,,0.00929697209989204,0.00929697209989207,0.009296972099892019,0.010333828252039785,,0.009296972099892047
HOS,14,3.0276503540974917,0.0060745890861884115,0.005390268101290479,0.007053516870818962,0.017759363570994915,0.010141279004769995,0.01820238929097725,0.007871974765450158,8.033955715862795,10.282671507606043,10.282671507606057,8.03395571586279,0.0,0.0,0.010742450667202004,0.00835148480035141,0.017759363570994915,0.007053516870818962,0.012225546668709956,0.00590202093794454,0.2361050005502481,0.26321748200569056,0.00705351687081896,0.007053516870818962,0.017938371926708805,0.007871974765450158,0.007871974765450158,0.0,0.0,0.007378427224663312,0.007871974765450158,0.0,0.01820238929097725,0.0,0.007871974765450152,0.2718922321778024,0.007871974765450158,0.0,0.0,0.0,,0.007871974765450158,0.007871974765450141,0.007871974765450152,0.009801616250996577,,0.007871974765450158
HOS,15,3.0276503540974917,0.009857026544588393,0.00808727222356463,0.01938622635375026,0.028201331147174026,0.011114405192260476,0.021595424615030643,0.010586141844121223,22.08091181692157,16.328570734213766,16.328570734213763,22.08091181692157,0.0,0.0,0.012082833942047806,0.012765862024033427,0.028201331147174026,0.01938622635375026,0.013308139201266589,0.01102990449620202,0.10802260435188123,0.2322983339281508,0.019386226353750265,0.01938622635375026,0.020293601169751,0.010586141844121223,0.010586141844121223,0.0,0.0,0.00801319498340826,0.010586141844121223,0.0,0.021595424615030643,0.0,0.010586141844121218,0.36563379134577406,0.010586141844121223,0.0,0.0,0.0,,0.010586141844121244,0.010586141844121258,0.010586141844121223,0.011500947150920343,,0.010586141844121223
HOS,16,3.0276503540974917,0.007932505422399276,0.005328762527061847,0.005301004054443322,0.02324951233727352,0.011940229760452453,0.021329468314116973,0.008276439597493005,6.0378436180109505,13.461467643281363,13.461467643281365,6.0378436180109505,0.0,0.0,0.00907308998601413,0.011008534370310146,0.02324951233727352,0.005301004054443322,0.014335172508457452,0.005689138418204252,0.1014518071799012,0.20027724733618887,0.005301004054443332,0.005301004054443322,0.02013523910968839,0.008276439597493005,0.008276439597493005,0.0,0.0,0.008184256031586895,0.008276439597493005,0.0,0.021329468314116973,0.0,0.008276439597493013,0.2858637746443795,0.008276439597493005,0.0,0.0,0.0,,0.008276439597492989,0.008276439597493022,0.008276439597493019,0.011674266417237433,,0.008276439597493005
HOS,17,3.0276503540974917,0.012663717588168337,0.00729089642495581,0.03327018195628896,0.02569735641396647,0.013370629483107698,0.022718198021140744,0.017238794699433242,37.89473724821312,14.878769363686565,14.878769363686558,37.89473724821312,0.0,0.0,0.017084389073435312,0.011151773112583408,0.02569735641396647,0.03327018195628896,0.011820525331371644,0.021356337463145827,0.13651473215335796,0.20891857845874515,0.033270181956288954,0.03327018195628896,0.02492790898764736,0.017238794699433242,0.017238794699433242,0.0,0.0,0.007685286963120917,0.017238794699433242,0.0,0.022718198021140744,0.0,0.017238794699433242,0.5954042234591753,0.017238794699433242,0.0,0.0,0.0,,0.01723879469943325,0.01723879469943326,0.017238794699433242,0.01208414791844749,,0.017238794699433242
HOS,18,3.0276503540974917,0.006270032995942379,0.00443567825324643,0.0570579222332767,0.06088583050455417,0.007098699349989096,0.01001341676171955,0.01797044088906752,64.98897342370218,35.25289586213687,35.25289586213687,64.98897342370216,0.0,0.0,0.014038222714053757,0.018508948467568124,0.06088583050455417,0.0570579222332767,0.01115203537845216,0.03176555465736728,0.09800430580762594,0.23926560577967945,0.0570579222332767,0.0570579222332767,0.011402966258109453,0.01797044088906752,0.01797044088906752,0.0,0.0,0.004198149225175588,0.01797044088906752,0.0,0.01001341676171955,0.0,0.017970440889067525,0.620661755926811,0.01797044088906752,0.0,0.0,0.0,,0.017970440889067536,0.017970440889067518,0.01797044088906752,0.005458048982875529,,0.01797044088906752
HOS,19,3.0276503540974917,0.007313132017104864,0.004036843376175044,0.011260159942807173,0.016149532477879053,0.010426519271993095,0.020054265444552587,0.009901122061803961,12.825322174857392,9.350579304691939,9.350579304691957,12.825322174857398,0.0,0.0,0.01139340046958993,0.008993865670359388,0.016149532477879053,0.011260159942807173,0.011921329620384875,0.008810876104622856,0.11973849769971345,0.21947696551561544,0.011260159942807196,0.011260159942807173,0.019661753917100316,0.009901122061803961,0.009901122061803961,0.0,0.0,0.007432921584555669,0.009901122061803961,0.0,0.020054265444552587,0.0,0.009901122061803958,0.34197554524298057,0.009901122061803961,0.0,0.0,0.0,,0.009901122061803961,0.00990112206180397,0.009901122061803984,0.010539729124415568,,0.009901122061803961
HOS,20,3.0276503540974917,0.0030579602242773608,0.0018298644348965804,0.009264256102821037,0.015775794257591208,0.006068251871247118,0.011184764467154407,0.005016188017247625,10.55198770111321,9.1341848751453,9.134184875145312,10.551987701113207,0.0,0.0,0.006858737516359532,0.007252898840610409,0.015775794257591208,0.009264256102821037,0.007187041030194389,0.004653397591896087,0.08933382077067709,0.2110359199242072,0.009264256102821094,0.009264256102821037,0.010514682538954016,0.005016188017247625,0.005016188017247625,0.0,0.0,0.004770688457371995,0.005016188017247625,0.0,0.011184764467154407,0.0,0.005016188017247614,0.17325424809591655,0.005016188017247625,0.0,0.0,0.0,,0.005016188017247625,0.0050161880172476135,0.005016188017247602,0.006163721194023079,,0.005016188017247625
HOS,21,3.0276503540974917,0.006628689983386252,0.005141503394515867,0.022068546199399203,0.024306081557380017,0.007942070724973604,0.015151261194739805,0.009856918702108083,25.136074121115698,14.073221221723033,14.073221221723033,25.136074121115698,0.0,0.0,0.012386886086283057,0.009510878147039097,0.024306081557380017,0.022068546199399203,0.009173421082348228,0.01163843448519885,0.11721034880298492,0.17664990756483814,0.0220685461993992,0.022068546199399203,0.01555804174983192,0.009856918702108083,0.009856918702108083,0.0,0.0,0.005509158875652812,0.009856918702108083,0.0,0.015151261194739805,0.0,0.009856918702108086,0.3404438909595388,0.009856918702108083,0.0,0.0,0.0,,0.009856918702108114,0.009856918702108072,0.00985691870210811,0.007972814821103786,,0.009856918702108083
HOS,22,3.0276503540974917,0.012924818971061066,0.007667778020105241,0.019892749270591405,0.033699170603778465,0.015746902879883302,0.02923449891687228,0.013533925677178538,22.65784141920358,19.51181977958773,19.51181977958774,22.65784141920359,0.0,0.0,0.01666905776414467,0.0157279485888965,0.033699170603778465,0.019892749270591405,0.018508282646474503,0.01213849358376086,0.18849454602178556,0.3726124446492617,0.019892749270591394,0.019892749270591405,0.02806004484953145,0.013533925677178538,0.013533925677178538,0.0,0.0,0.011470488499932804,0.013533925677178538,0.0,0.02923449891687228,0.0,0.01353392567717854,0.4674493158245373,0.013533925677178538,0.0,0.0,0.0,,0.013533925677178526,0.013533925677178532,0.01353392567717854,0.015774810177340965,,0.013533925677178538
HOS,23,3.0276503540974917,0.0068417363604584775,0.003158262959084,0.017168613255951294,0.01657491276547161,0.007197675212953019,0.014039415190576582,0.008925317606457083,19.555050498528512,9.596874491208064,9.59687449120806,19.555050498528512,0.0,0.0,0.011511988683680873,0.006839792323497902,0.01657491276547161,0.017168613255951294,0.008078601383639344,0.009707390153885359,0.11550820283790927,0.13462792855922429,0.0171686132559513,0.017168613255951294,0.01474229939603474,0.008925317606457083,0.008925317606457083,0.0,0.0,0.004830271127216374,0.008925317606457083,0.0,0.014039415190576582,0.0,0.008925317606457085,0.30826871168910314,0.008925317606457083,0.0,0.0,0.0,,0.00892531760645708,0.008925317606457095,0.008925317606457069,0.007185227520875397,,0.008925317606457083
HOS,24,3.0276503540974917,0.009419394414657837,0.005813177490217275,0.06949817438382386,0.0711372293127524,0.008523325781552309,0.010105682967916042,0.022599347373573254,79.15842062317537,41.188455772083636,41.18845577208363,79.15842062317537,0.0,0.0,0.018454224887041622,0.022388036493516568,0.0711372293127524,0.06949817438382386,0.010724855018158239,0.03940533890464893,0.13208718305766667,0.319066761642192,0.06949817438382387,0.06949817438382386,0.014105185210279262,0.022599347373573254,0.022599347373573254,0.0,0.0,0.004181452454229774,0.022599347373573254,0.0,0.010105682967916042,0.0,0.022599347373573254,0.7805354519413543,0.022599347373573254,0.0,0.0,0.0,,0.02259934737357324,0.022599347373573244,0.022599347373573254,0.005057993593811449,,0.022599347373573254
HOS,25,3.0276503540974917,0.008069342786017767,0.006467526889914832,0.0162155350029343,0.016844667007233603,0.0100846021533445,0.019915604325200512,0.010841067167015144,18.469494368342144,9.753062197188239,9.753062197188234,18.469494368342147,0.0,0.0,0.014548242120375612,0.008269534466070783,0.016844667007233603,0.0162155350029343,0.01178370054768585,0.010242229844287591,0.16785920687543812,0.18516403461898973,0.01621553500293429,0.0162155350029343,0.020298603783671404,0.010841067167015144,0.010841067167015144,0.0,0.0,0.006945583540644346,0.010841067167015144,0.0,0.019915604325200512,0.0,0.010841067167015142,0.3744384553574286,0.010841067167015144,0.0,0.0,0.0,,0.010841067167015161,0.010841067167015125,0.010841067167015151,0.010138942613367587,,0.010841067167015144
HOS,26,3.0276503540974917,0.008143729153567883,0.0047800924624875115,0.010082357350095729,0.02098048724467401,0.011313217960387855,0.020751363724560136,0.009204187249779174,11.483805021759022,12.147702114666243,12.147702114666242,11.483805021759025,0.0,0.0,0.012851650035569439,0.01008206375804575,0.02098048724467401,0.010082357350095729,0.013521515921785797,0.007217539080911546,0.2612819496275958,0.3737496337680187,0.010082357350095706,0.010082357350095729,0.02031456250316732,0.009204187249779174,0.009204187249779174,0.0,0.0,0.008578464933002548,0.009204187249779174,0.0,0.020751363724560136,0.0,0.00920418724977915,0.3179052760537093,0.009204187249779174,0.0,0.0,0.0,,0.009204187249779174,0.009204187249779141,0.009204187249779148,0.011149599361868696,,0.009204187249779174
HOS,27,3.0276503540974917,0.011005093245958667,0.006244289621734929,0.03313385222922805,0.017413537092879103,0.01440298371550845,0.026127217994949072,0.019077706041423954,37.739457689090685,10.08243797677702,10.082437976777026,37.739457689090685,0.0,0.0,0.021846739861017473,0.007480407136545878,0.017413537092879103,0.03313385222922805,0.013579100685897004,0.02134713729601952,0.20043533450469683,0.14870244059384152,0.03313385222922801,0.03313385222922805,0.029424743236561534,0.019077706041423954,0.019077706041423954,0.0,0.0,0.008302496163131282,0.019077706041423954,0.0,0.026127217994949072,0.0,0.01907770604142394,0.6589188595817694,0.019077706041423954,0.0,0.0,0.0,,0.019077706041423947,0.019077706041423934,0.019077706041423965,0.013380655257292692,,0.019077706041423954
HOS,28,3.0276503540974917,0.005517883869794185,0.00525138328953976,0.006975372676818946,0.01902529436839954,0.008549487464960625,0.015422956593503078,0.005994056069739873,7.944949478896774,11.01564543930335,11.01564543930333,7.944949478896786,0.0,0.0,0.006780182595055303,0.008950137070357772,0.01902529436839954,0.006975372676818946,0.010196779715008377,0.004502660993278807,0.08313324988165242,0.20975377867870396,0.0069753726768189556,0.006975372676818946,0.014271478101847267,0.005994056069739873,0.005994056069739873,0.0,0.0,0.006339562921518483,0.005994056069739873,0.0,0.015422956593503078,0.0,0.005994056069739857,0.20703107445613275,0.005994056069739873,0.0,0.0,0.0,,0.005994056069739861,0.005994056069739888,0.0059940560697398235,0.008539651492958702,,0.005994056069739873
HOS,29,3.0276503540974917,0.011821299828931204,0.008109153727664674,0.019842096130065063,0.016446438693525522,0.006833151977317521,0.013330563223855731,0.009758465073496278,22.600147492144092,9.52248800355127,9.522488003551265,22.600147492144085,0.0,0.0,0.012370714805007236,0.006167230048190071,0.016446438693525522,0.019842096130065063,0.007284484980451174,0.011196731102751557,0.11955003727836144,0.11414498249017686,0.01984209613006504,0.019842096130065063,0.014799225000220446,0.009758465073496278,0.009758465073496278,0.0,0.0,0.004274588860241898,0.009758465073496278,0.0,0.013330563223855731,0.0,0.009758465073496259,0.3370435134191354,0.009758465073496278,0.0,0.0,0.0,,0.009758465073496298,0.009758465073496262,0.009758465073496278,0.006678159016228708,,0.009758465073496278
HOS,30,3.0276503540974917,0.006569006509267443,0.006336770623221794,0.08375663916784012,0.09062284404763753,0.003799385432341238,0.008992382005712549,0.025159541953296283,95.3988120121699,52.47062670358214,52.470626703582134,95.39881201216991,0.0,0.0,0.02297532767377196,0.02676753739189284,0.09062284404763753,0.08375663916784012,0.015534986893052079,0.043965453397500236,0.17023809163875894,0.3637231891676842,0.08375663916784012,0.08375663916784012,0.011208276412123921,0.025159541953296283,0.025159541953296283,0.0,0.0,0.005042522972742213,0.025159541953296283,0.0,0.008992382005712549,0.0,0.02515954195329628,0.8689556771084922,0.025159541953296283,0.0,0.0,0.0,,0.025159541953296314,0.02515954195329628,0.025159541953296283,0.004631444683361434,,0.025159541953296283
HOS,31,3.0276503540974917,0.008664212851214444,0.005388815162022511,0.01542596729799403,0.014592736736484238,0.009968324667749613,0.019391275298158425,0.010772966383641829,17.57017675241519,8.449194570424387,8.449194570424378,17.570176752415183,0.0,0.0,0.013720812907866482,0.007394185681362315,0.014592736736484238,0.01542596729799403,0.011364039899546544,0.010264604820702166,0.14633705989572965,0.1489891137928418,0.015425967297994026,0.01542596729799403,0.019904381380053966,0.010772966383641829,0.010772966383641829,0.0,0.0,0.006660373683454882,0.010772966383641829,0.0,0.019391275298158425,0.0,0.010772966383641811,0.3720864000754531,0.010772966383641829,0.0,0.0,0.0,,0.010772966383641844,0.010772966383641816,0.010772966383641818,0.009924229119662094,,0.010772966383641829
HOS,32,3.0276503540974917,0.00828559596892371,0.0070699155514490275,0.007275860990027014,0.01564499509695011,0.010347747105402755,0.01952770154272343,0.008792523011605415,8.287205667640794,9.058452161134124,9.058452161134122,8.287205667640798,0.0,0.0,0.01171273942783477,0.007955369573333053,0.01564499509695011,0.007275860990027014,0.012666755374688993,0.006795231925613136,0.24049135725105242,0.26135395933197864,0.007275860990027017,0.007275860990027014,0.019343049258263377,0.008792523011605415,0.008792523011605415,0.0,0.0,0.007567493494216269,0.008792523011605415,0.0,0.01952770154272343,0.0,0.008792523011605421,0.3036867075849032,0.008792523011605415,0.0,0.0,0.0,,0.008792523011605415,0.008792523011605418,0.0087925230116054,0.010187448609052291,,0.008792523011605415
HOS,33,3.0276503540974917,0.008712817598716035,0.005945633774384592,0.03309518591437796,0.02058417960169174,0.01264564008241307,0.023300504979851644,0.017745406916321475,37.695416756476426,11.918239989379483,11.918239989379494,37.69541675647644,0.0,0.0,0.020639889293322927,0.007791520273534802,0.02058417960169174,0.03309518591437796,0.012002123915622977,0.020369237194994252,0.1873998635170843,0.1475381105403532,0.03309518591437794,0.03309518591437796,0.026543719433614183,0.017745406916321475,0.017745406916321475,0.0,0.0,0.007267444837148894,0.017745406916321475,0.0,0.023300504979851644,0.0,0.017745406916321455,0.6129019739746883,0.017745406916321475,0.0,0.0,0.0,,0.017745406916321472,0.017745406916321444,0.017745406916321475,0.011814309866149439,,0.017745406916321475
HOS,34,3.0276503540974917,0.010468234221958141,0.009412163322426222,0.014529633966825757,0.02012828866635545,0.008947395084313334,0.016772133424129223,0.008519622721038405,16.549253088214513,11.654279137819822,11.654279137819822,16.54925308821452,0.0,0.0,0.011345024686594507,0.008949008852138231,0.02012828866635545,0.014529633966825757,0.010474766666929789,0.00818283498545988,0.13001376669582984,0.20751516676459944,0.01452963396682575,0.014529633966825757,0.016508075884116284,0.008519622721038405,0.008519622721038405,0.0,0.0,0.006458082711123762,0.008519622721038405,0.0,0.016772133424129223,0.0,0.00851962272103839,0.29425855534260714,0.008519622721038405,0.0,0.0,0.0,,0.008519622721038388,0.008519622721038378,0.008519622721038417,0.008942365146845896,,0.008519622721038405
HOS,35,3.0276503540974917,0.014637564146879167,0.008039396406576412,0.022101897035956372,0.015323928214399709,0.013886154873297427,0.026545888265197323,0.01571487082924164,25.174060723954177,8.87255443613744,8.872554436137444,25.174060723954202,0.0,0.0,0.01817013700145,0.009280937713975791,0.015323928214399709,0.022101897035956372,0.014784510500870504,0.015684134818644377,0.16991956404939274,0.17597523899899312,0.02210189703595628,0.022101897035956372,0.027620705281657568,0.01571487082924164,0.01571487082924164,0.0,0.0,0.008907373011099473,0.01571487082924164,0.0,0.026545888265197323,0.0,0.015714870829241702,0.5427739085025426,0.01571487082924164,0.0,0.0,0.0,,0.015714870829241716,0.015714870829241674,0.015714870829241674,0.013677098209615502,,0.01571487082924164
HOSbal,0,3.0276503540974917,0.0027490323771840186,0.001444755474564829,0.009640269747350355,0.008111112725161447,0.005013027122998192,0.009717432433197958,0.004858658898070726,5.581716183715858,4.696334267868464,4.696334267868458,5.581716183715861,0.0,0.0,0.005131418290283629,0.005844401269266601,0.008111112725161447,0.009640269747350355,0.004703778852561301,0.006305727094851731,0.04100783678289976,0.05876094357049602,0.009640269747350367,0.009640269747350355,0.00971731779614139,0.004858658898070726,0.004858658898070726,0.0,0.0,0.004149384655132049,0.004858658898070726,0.0,0.009717432433197958,0.0,0.004858658898070698,0.16781351736586822,0.004858658898070726,0.0,0.0,0.0,,0.004858658898070726,0.004858658898070688,0.004858658898070726,0.004858658898070725,,0.004858658898070726
HOSbal,1,3.0276503540974917,0.0034965170384543276,0.0037935980695741503,0.011187065332404041,0.012207123344339516,0.005184870339780009,0.010486807877293428,0.00521323266444296,6.477310827461933,7.0679244163725565,7.06792441637258,6.47731082746193,0.0,0.0,0.00556508168359631,0.0069818268543429506,0.012207123344339516,0.011187065332404041,0.006406463548665936,0.006170834054322862,0.046445644523621744,0.06342061615109598,0.011187065332404034,0.011187065332404041,0.010426465328885932,0.00521323266444296,0.00521323266444296,0.0,0.0,0.004455205966984486,0.00521323266444296,0.0,0.010486807877293428,0.0,0.005213232664442957,0.18006121910067388,0.00521323266444296,0.0,0.0,0.0,,0.00521323266444296,0.005213232664442966,0.00521323266444296,0.005213232664442961,,0.00521323266444296
HOSbal,2,3.0276503540974917,0.00140401158314563,0.0022255569277844665,0.016689495294566026,0.022930130803962223,0.005998867279751689,0.013046141129412952,0.006345828349179203,9.663217775553736,13.276545735494107,13.276545735494103,9.663217775553743,0.0,0.0,0.005817061881950854,0.0115929862958545,0.022930130803962223,0.016689495294566026,0.010791799287646625,0.006555738600842262,0.047756542013948564,0.10329163157165779,0.016689495294566037,0.016689495294566026,0.012691656698358431,0.006345828349179203,0.006345828349179203,0.0,0.0,0.005812328518487604,0.006345828349179203,0.0,0.013046141129412952,0.0,0.006345828349179227,0.21918357786988438,0.006345828349179203,0.0,0.0,0.0,,0.006345828349179197,0.006345828349179232,0.006345828349179203,0.006345828349179234,,0.006345828349179203
HOSbal,3,3.0276503540974917,0.005856799726907712,0.011080232557671562,0.01008552768266422,0.012826733394711447,0.009337199876050804,0.018971830880645853,0.009416345128520888,5.8395205282625815,7.426678635537931,7.4266786355379315,5.839520528262572,0.0,0.0,0.008512436169550261,0.011053028435438062,0.012826733394711447,0.01008552768266422,0.009824318531893576,0.00945769814119814,0.06526428538542198,0.09688153854632443,0.010085527682664196,0.01008552768266422,0.018832690257041776,0.009416345128520888,0.009416345128520888,0.0,0.0,0.007836615997433715,0.009416345128520888,0.0,0.018971830880645853,0.0,0.009416345128520891,0.3252334701706816,0.009416345128520888,0.0,0.0,0.0,,0.009416345128520874,0.009416345128520891,0.009416345128520888,0.00941634512852089,,0.009416345128520888
HOSbal,4,3.0276503540974917,0.006891049777719663,0.011607059482743274,0.15841793105614588,0.09209142669971274,0.09529727860206447,0.037514505792719074,0.03358994633077904,91.72398208150847,53.32093605913369,53.32093605913368,91.72398208150847,0.0,0.0,0.0386789085235457,0.05856193752455679,0.09209142669971274,0.15841793105614588,0.00775536827421764,0.13366976874558403,0.23638021607952525,1.208418336105596,0.1584179310561459,0.15841793105614588,0.06717989266155808,0.03358994633077904,0.03358994633077904,0.0,0.0,0.019487920361575616,0.03358994633077904,0.0,0.037514505792719074,0.0,0.03358994633077904,1.1601196341442523,0.03358994633077904,0.0,0.0,0.0,,0.03358994633077904,0.03358994633077904,0.03358994633077904,0.033589946330779004,,0.03358994633077904
HOSbal,5,3.0276503540974917,0.028652247547875914,0.042821969653121725,0.5163977794943222,0.5163977794943222,0.0,,0.0,298.9943143272126,298.9943143272126,298.9943143272126,298.9943143272126,0.0,0.0,0.2581988897471611,0.2581988897471611,0.5163977794943222,0.5163977794943222,0.34426518632954817,0.34426518632954817,,,0.5163977794943222,0.5163977794943222,0.0,0.0,0.0,0.0,0.0,0.0,0.0,0.0,0.0,0.0,0.0,0.00020645516872106465,0.0,0.0,0.0,0.0,,0.0,0.0,0.0,0.0,,0.0
HOSbal,6,3.0276503540974917,0.002464916898869718,0.002742239913461707,0.016353474545074936,0.016012473060396028,0.004321370018681634,0.00766306311331722,0.003696413210706279,9.468661761598392,9.271221901969326,9.271221901969323,9.468661761598394,0.0,0.0,0.004962537786578021,0.008430602519203264,0.016012473060396028,0.016353474545074936,0.0055465613375006865,0.007731766213757919,0.03750919635455797,0.09049432622711788,0.01635347454507495,0.016353474545074936,0.0073928264214125575,0.003696413210706279,0.003696413210706279,0.0,0.0,0.00345170718994292,0.003696413210706279,0.0,0.00766306311331722,0.0,0.0036964132107062744,0.1276707688920177,0.003696413210706279,0.0,0.0,0.0,,0.003696413210706279,0.0036964132107062744,0.003696413210706279,0.003696413210706309,,0.003696413210706279
HOSbal,7,3.0276503540974917,0.005030239671040139,0.005378513246415766,0.01751979917501312,0.017552874150981685,0.010160091570908957,0.019970569780468492,0.01004807695780489,10.143963722332606,10.163114133418402,10.1631141334184,10.143963722332607,0.0,0.0,0.011405450104520399,0.011881285198850216,0.017552874150981685,0.01751979917501312,0.010823651562172599,0.01100552522304216,0.1395956319807595,0.15261919262643006,0.017519799175013135,0.01751979917501312,0.02009615391560975,0.01004807695780489,0.01004807695780489,0.0,0.0,0.00958515949928279,0.01004807695780489,0.0,0.019970569780468492,0.0,0.010048076957804863,0.3470523120392655,0.01004807695780489,0.0,0.0,0.0,,0.01004807695780489,0.010048076957804866,0.010048076957804875,0.010048076957804897,,0.01004807695780489
HOSbal,8,3.0276503540974917,0.008267434536311727,0.010222350803120514,0.012539277734081268,0.010031157865112047,0.00710419449814531,0.014326593644421083,0.007135029768488071,7.260241808033068,5.808040403899869,5.8080404038998665,7.260241808033059,0.0,0.0,0.009653150844667042,0.007589165156580928,0.010031157865112047,0.012539277734081268,0.007015468566162785,0.0077595896800616414,0.1945323615014271,0.1404463305943071,0.012539277734081285,0.012539277734081268,0.014270059536976071,0.007135029768488071,0.007135029768488071,0.0,0.0,0.007190613060462448,0.007135029768488071,0.0,0.014326593644421083,0.0,0.007135029768488059,0.24643725734340302,0.007135029768488071,0.0,0.0,0.0,,0.0071350297684881015,0.007135029768488038,0.00713502976848803,0.007135029768488063,,0.007135029768488071
HOSbal,9,3.0276503540974917,0.012192170319078634,0.013903099842002886,0.015464947279567803,0.017740691119642035,0.008659524885960727,0.017321991202159586,0.008647085022691337,8.954204474869766,10.271860158272748,10.271860158272759,8.954204474869767,0.0,0.0,0.008985880274513231,0.011510739415878046,0.017740691119642035,0.015464947279567803,0.01003440640500793,0.00932061365113347,0.09419923156804605,0.1338708987776557,0.015464947279567797,0.015464947279567803,0.017294170045382695,0.008647085022691337,0.008647085022691337,0.0,0.0,0.008187297900755543,0.008647085022691337,0.0,0.017321991202159586,0.0,0.008647085022691327,0.29866406668058987,0.008647085022691337,0.0,0.0,0.0,,0.008647085022691337,0.008647085022691346,0.008647085022691337,0.00864708502269137,,0.008647085022691337
HOSbal,10,3.0276503540974917,0.011182679505818785,0.014129802676498158,0.015580247392088407,0.016222225450322796,0.010921513593195445,0.021809351794705136,0.010909576302144198,9.020963240019206,9.39266853573691,9.392668535736915,9.020963240019205,0.0,0.0,0.011807969097412614,0.012460451722576654,0.016222225450322796,0.015580247392088407,0.011405755227645933,0.011299727137437592,0.16637944089394496,0.18364019572400594,0.01558024739208841,0.015580247392088407,0.021819152604288464,0.010909576302144198,0.010909576302144198,0.0,0.0,0.01081150407166081,0.010909576302144198,0.0,0.021809351794705136,0.0,0.010909576302144218,0.3768079651745807,0.010909576302144198,0.0,0.0,0.0,,0.010909576302144198,0.010909576302144225,0.010909576302144182,0.010909576302144171,,0.010909576302144198
HOSbal,11,3.0276503540974917,0.040172508957250684,0.03788425160498325,0.15216326192720878,0.23900886787795736,0.22144306641037328,,0.06756631302389593,88.1025286558539,138.38613450133732,138.38613450133732,88.10252865585389,0.0,0.0,0.21759562574851496,0.06819359988859106,0.23900886787795736,0.15216326192720878,0.22377132966130264,0.06871176857419226,,0.4867847238372215,0.15216326192720878,0.15216326192720878,0.13513262604779183,0.06756631302389593,0.06756631302389593,0.0,0.0,0.04840408209738708,0.06756631302389593,0.0,0.13225462150940712,0.0,0.06756631302389592,2.3337350445351444,0.06756631302389593,0.0,0.0,0.0,,0.06756631302389594,0.06756631302389593,0.06756631302389593,0.06756631302389592,,0.06756631302389593
HOSbal,12,3.0276503540974917,0.003494166809519894,0.0034736405856748438,0.014687819179378609,0.01406536384356232,0.005422158570916306,0.009861813405780996,0.004833867479489571,8.50424730486022,8.14384566542259,8.143845665422587,8.504247304860227,0.0,0.0,0.005243279853982668,0.008590516039319368,0.01406536384356232,0.014687819179378609,0.005656395820624391,0.00803461439611074,0.03920348121922726,0.09361179647091132,0.014687819179378636,0.014687819179378609,0.00966773495897908,0.004833867479489571,0.004833867479489571,0.0,0.0,0.0043619016110239784,0.004833867479489571,0.0,0.009861813405780996,0.0,0.004833867479489541,0.16695743059075177,0.004833867479489571,0.0,0.0,0.0,,0.00483386747948956,0.004833867479489534,0.004833867479489571,0.00483386747948958,,0.004833867479489571
HOSbal,13,3.0276503540974917,0.008696829788939016,0.0076218611958803785,0.012422433123096049,0.017781744630374748,0.012007151738098803,0.02383630245825548,0.011950564730602714,7.192588778272625,10.295630140986999,10.295630140986999,7.19258877827263,0.0,0.0,0.011264772304025842,0.013746882577653934,0.017781744630374748,0.012422433123096049,0.013256768241091852,0.011242307170081246,0.14948907274840634,0.17586737367855773,0.01242243312309604,0.012422433123096049,0.023901129461205463,0.011950564730602714,0.011950564730602714,0.0,0.0,0.011592805824423028,0.011950564730602714,0.0,0.02383630245825548,0.0,0.011950564730602718,0.41276401470444196,0.011950564730602714,0.0,0.0,0.0,,0.011950564730602714,0.011950564730602731,0.011950564730602698,0.011950564730602728,,0.011950564730602714
HOSbal,14,3.0276503540974917,0.006641031749197206,0.011526402773144533,0.009256151520330207,0.017759363570994915,0.010204136195370816,0.019339584417675144,0.009896856985866877,5.359311730271176,10.282671507606043,10.282671507606057,5.359311730271176,0.0,0.0,0.008994614695942036,0.012881421168498546,0.017759363570994915,0.009256151520330207,0.011717162519798647,0.00856770703382246,0.28892938040957,0.2626146141433266,0.009256151520330193,0.009256151520330207,0.019793713971733753,0.009896856985866877,0.009896856985866877,0.0,0.0,0.011370196192590264,0.009896856985866877,0.0,0.019339584417675144,0.0,0.009896856985866887,0.3418316071734068,0.009896856985866877,0.0,0.0,0.0,,0.009896856985866877,0.00989685698586689,0.009896856985866877,0.009896856985866861,,0.009896856985866877
HOSbal,15,3.0276503540974917,0.009561250746663147,0.014162165557556835,0.01734774804066705,0.028201331147174026,0.013167594177450047,0.027717191177681195,0.013567602750077987,10.044346115546247,16.328570734213766,16.328570734213763,10.044346115546238,0.0,0.0,0.011277490376863694,0.02014931539537176,0.028201331147174026,0.01734774804066705,0.016437736371503933,0.012320175550030796,0.11166077100297539,0.24819312048460876,0.017347748040667098,0.01734774804066705,0.027135205500156013,0.013567602750077987,0.013567602750077987,0.0,0.0,0.01341774892423359,0.013567602750077987,0.0,0.027717191177681195,0.0,0.013567602750077982,0.468617463883196,0.013567602750077987,0.0,0.0,0.0,,0.013567602750077972,0.01356760275007799,0.013567602750077987,0.013567602750077979,,0.013567602750077987
HOSbal,16,3.0276503540974917,0.011017404967661796,0.011066152308037579,0.010129795024950056,0.02324951233727352,0.013703196476902015,0.02689647887306388,0.013538562798314129,5.865151319446074,13.461467643281363,13.461467643281365,5.8651513194460705,0.0,0.0,0.010908059953561172,0.01692085806510749,0.02324951233727352,0.010129795024950056,0.01625516367983699,0.011393446202492122,0.14773833751619825,0.20995137487161797,0.010129795024950037,0.010129795024950056,0.027077125596628296,0.013538562798314129,0.013538562798314129,0.0,0.0,0.013353332374719662,0.013538562798314129,0.0,0.02689647887306388,0.0,0.013538562798314129,0.4676140389486146,0.013538562798314129,0.0,0.0,0.0,,0.013538562798314124,0.013538562798314146,0.013538562798314103,0.013538562798314165,,0.013538562798314129
HOSbal,17,3.0276503540974917,0.01483163877230069,0.011213422800462,0.03302962997372451,0.02569735641396647,0.01235575636944882,0.022093897182569787,0.011231417556026864,19.124155754786493,14.878769363686565,14.878769363686558,19.124155754786493,0.0,0.0,0.014893444313747539,0.015918112965397076,0.02569735641396647,0.03302962997372451,0.010405277361152208,0.017955013002244755,0.13365450060727593,0.20325992667005766,0.0330296299737245,0.03302962997372451,0.022462835112053672,0.011231417556026864,0.011231417556026864,0.0,0.0,0.009865383147303914,0.011231417556026864,0.0,0.022093897182569787,0.0,0.011231417556026843,0.3879200780275409,0.011231417556026864,0.0,0.0,0.0,,0.01123141755602684,0.011231417556026827,0.011231417556026864,0.011231417556026854,,0.011231417556026864
HOSbal,18,3.0276503540974917,0.006062634728125973,0.010145446601746233,0.058723345394902336,0.06088583050455417,0.009493507468059503,0.016219122051551568,0.00769380028660366,34.000816983648434,35.25289586213687,35.25289586213687,34.000816983648434,0.0,0.0,0.01486358497745307,0.02554278289608105,0.06088583050455417,0.058723345394902336,0.021117501772796726,0.024068646942624353,0.11287476791461618,0.2354245800108878,0.05872334539490232,0.058723345394902336,0.015387600573207259,0.00769380028660366,0.00769380028660366,0.0,0.0,0.0074272775864899455,0.00769380028660366,0.0,0.016219122051551568,0.0,0.007693800286603629,0.26574088488027253,0.00769380028660366,0.0,0.0,0.0,,0.00769380028660366,0.007693800286603628,0.00769380028660366,0.0076938002866036755,,0.00769380028660366
HOSbal,19,3.0276503540974917,0.007473343758570681,0.006481254426441893,0.012904019091419144,0.016149532477879053,0.010348588005398935,0.02104940807843184,0.010428451889888802,7.4714270539316825,9.350579304691939,9.350579304691957,7.47142705393168,0.0,0.0,0.00973955039734437,0.013392077751137805,0.016149532477879053,0.012904019091419144,0.010962883727848129,0.010552651239498664,0.12090785698865672,0.21537718284433435,0.012904019091419116,0.012904019091419144,0.02085690377977754,0.010428451889888802,0.010428451889888802,0.0,0.0,0.010770650672688767,0.010428451889888802,0.0,0.02104940807843184,0.0,0.01042845188988877,0.3601910410151959,0.010428451889888802,0.0,0.0,0.0,,0.010428451889888802,0.010428451889888755,0.010428451889888793,0.010428451889888788,,0.010428451889888802
HOSbal,20,3.0276503540974917,0.003723991536041525,0.0036969072704069895,0.009284753060943441,0.015775794257591208,0.007656842921714846,0.015810130964931172,0.007790123696044231,5.375872022286242,9.1341848751453,9.134184875145312,5.375872022286243,0.0,0.0,0.006703844208748858,0.012036115529518493,0.015775794257591208,0.009284753060943441,0.00914003674351442,0.006936664434851924,0.10690682339998248,0.2208224639162645,0.009284753060943427,0.009284753060943441,0.015580247392088449,0.007790123696044231,0.007790123696044231,0.0,0.0,0.008828026259580533,0.007790123696044231,0.0,0.015810130964931172,0.0,0.0077901236960442296,0.2690665420252458,0.007790123696044231,0.0,0.0,0.0,,0.007790123696044231,0.007790123696044227,0.007790123696044221,0.007790123696044239,,0.007790123696044231
HOSbal,21,3.0276503540974917,0.006604830575923326,0.00845708252909509,0.025291747422554755,0.024306081557380017,0.007951087504178705,0.015844016823832487,0.007906782783431416,14.643921757659195,14.073221221723033,14.073221221723033,14.643921757659198,0.0,0.0,0.012351131755239601,0.01307480265389124,0.024306081557380017,0.025291747422554755,0.009873184005481395,0.011043685744862156,0.1423742308102057,0.1637456836391105,0.02529174742255475,0.025291747422554755,0.015813565566862826,0.007906782783431416,0.007906782783431416,0.0,0.0,0.007528729998883388,0.007906782783431416,0.0,0.015844016823832487,0.0,0.00790678278343141,0.2730931458633433,0.007906782783431416,0.0,0.0,0.0,,0.007906782783431423,0.007906782783431408,0.007906782783431423,0.007906782783431364,,0.007906782783431416
HOSbal,22,3.0276503540974917,0.014734718804454898,0.012813327853275772,0.020976537530366372,0.033699170603778465,0.01663797167282123,0.03361039911427073,0.0167143005983689,12.145415230082142,19.51181977958773,19.51181977958774,12.145415230082135,0.0,0.0,0.014442360061013397,0.0241984045428851,0.033699170603778465,0.020976537530366372,0.01996579110558945,0.015233291993349678,0.1932814251874704,0.37101697038113723,0.020976537530366383,0.020976537530366372,0.033428601196737795,0.0167143005983689,0.0167143005983689,0.0,0.0,0.017817889251021325,0.0167143005983689,0.0,0.03361039911427073,0.0,0.016714300598368894,0.5773023331006204,0.0167143005983689,0.0,0.0,0.0,,0.01671430059836886,0.0167143005983689,0.016714300598368904,0.01671430059836889,,0.0167143005983689
HOSbal,23,3.0276503540974917,0.008833455706377603,0.006713313144740755,0.018026102359738193,0.01657491276547161,0.008123553639490208,0.016131361118186072,0.008072713680126735,10.437113266288398,9.596874491208064,9.59687449120806,10.437113266288401,0.0,0.0,0.010356649360762974,0.010466495100105614,0.01657491276547161,0.018026102359738193,0.008573870030702386,0.009813400060176586,0.12161344829567215,0.13877962911317768,0.018026102359738175,0.018026102359738193,0.016145427360253515,0.008072713680126735,0.008072713680126735,0.0,0.0,0.00767776021537848,0.008072713680126735,0.0,0.016131361118186072,0.0,0.008072713680126735,0.2788242585337752,0.008072713680126735,0.0,0.0,0.0,,0.008072713680126735,0.008072713680126763,0.008072713680126735,0.008072713680126737,,0.008072713680126735
HOSbal,24,3.0276503540974917,0.008022312466004444,0.01395843693320825,0.06866621518106485,0.0711372293127524,0.007922764724282398,0.011997058562017283,0.00417237382364152,39.75773858983654,41.188455772083636,41.18845577208363,39.75773858983654,0.0,0.0,0.0159182297275263,0.03144546506441548,0.0711372293127524,0.06866621518106485,0.022834347838589838,0.02741465988230392,0.12052993827506886,0.31694371317327164,0.06866621518106485,0.06866621518106485,0.008344747647283003,0.00417237382364152,0.00417237382364152,0.0,0.0,0.006576539018973611,0.00417237382364152,0.0,0.011997058562017283,0.0,0.0041723738236415136,0.1441186325474046,0.00417237382364152,0.0,0.0,0.0,,0.00417237382364151,0.004172373823641506,0.00417237382364152,0.004172373823641553,,0.00417237382364152
HOSbal,25,3.0276503540974917,0.008870597596827234,0.01097792879861762,0.014682176745464664,0.016844667007233603,0.011223944834763617,0.022665256461983842,0.011284777255688385,8.500980335624037,9.753062197188239,9.753062197188234,8.500980335624044,0.0,0.0,0.011618685638090206,0.01345438971901012,0.016844667007233603,0.014682176745464664,0.011894599714273466,0.011344557606326286,0.1586736438454194,0.1984779930879763,0.014682176745464673,0.014682176745464664,0.022569554511376825,0.011284777255688385,0.011284777255688385,0.0,0.0,0.011238469884286893,0.011284777255688385,0.0,0.022665256461983842,0.0,0.0112847772556884,0.3897675138063058,0.011284777255688385,0.0,0.0,0.0,,0.011284777255688385,0.011284777255688428,0.01128477725568842,0.011284777255688402,,0.011284777255688385
HOSbal,26,3.0276503540974917,0.009150757968512519,0.008368146875602602,0.010546568011564297,0.02098048724467401,0.011857176448897491,0.02330754966380627,0.011745304015573853,6.106462878695724,12.147702114666243,12.147702114666242,6.106462878695724,0.0,0.0,0.00976686373409246,0.016313271113443495,0.02098048724467401,0.010546568011564297,0.0135175613283087,0.010353103070978684,0.2567436483816208,0.37317945889446735,0.010546568011564306,0.010546568011564297,0.02349060803114769,0.011745304015573853,0.011745304015573853,0.0,0.0,0.013894772335971712,0.011745304015573853,0.0,0.02330754966380627,0.0,0.011745304015573848,0.4056759241498972,0.011745304015573853,0.0,0.0,0.0,,0.011745304015573853,0.011745304015573837,0.011745304015573839,0.011745304015573853,,0.011745304015573853
HOSbal,27,3.0276503540974917,0.011789998194297175,0.012463332375405417,0.03141895188376018,0.017413537092879103,0.01423427324437805,0.025956325374537386,0.013372295599309515,18.19157314069713,10.08243797677702,10.082437976777026,18.191573140697134,0.0,0.0,0.018039221450870634,0.01171161603928743,0.017413537092879103,0.03141895188376018,0.01055634428457353,0.018890821745421144,0.19423676706171092,0.1563036881782998,0.03141895188376018,0.03141895188376018,0.02674459119861905,0.013372295599309515,0.013372295599309515,0.0,0.0,0.011555284633828536,0.013372295599309515,0.0,0.025956325374537386,0.0,0.01337229559930952,0.4618629619946764,0.013372295599309515,0.0,0.0,0.0,,0.013372295599309556,0.013372295599309521,0.013372295599309527,0.013372295599309497,,0.013372295599309515
HOSbal,28,3.0276503540974917,0.0065179730804976015,0.008001673741434255,0.01650176495322655,0.01902529436839954,0.009092997037380627,0.018240001161351386,0.009104974469737886,9.554521907918195,11.01564543930335,11.01564543930333,9.554521907918202,0.0,0.0,0.010903124350796307,0.012697666688504947,0.01902529436839954,0.01650176495322655,0.010503310643616556,0.00926449307883114,0.17183146240041686,0.1958431346570051,0.016501764953226576,0.01650176495322655,0.01820994893947578,0.009104974469737886,0.009104974469737886,0.0,0.0,0.009449492162516938,0.009104974469737886,0.0,0.018240001161351386,0.0,0.009104974469737891,0.3144793016771367,0.009104974469737886,0.0,0.0,0.0,,0.009104974469737882,0.009104974469737884,0.0091049744697379,0.009104974469737896,,0.009104974469737886
HOSbal,29,3.0276503540974917,0.00860386378076695,0.010784844024966087,0.025419847433055198,0.016446438693525522,0.00790835417858122,0.014142656259965638,0.007355183636224824,14.718091663738956,9.52248800355127,9.522488003551265,14.718091663738956,0.0,0.0,0.013174640040095704,0.007450301376634835,0.016446438693525522,0.025419847433055198,0.005623431263129544,0.012459621723946473,0.14630895012493675,0.09729969897029407,0.025419847433055205,0.025419847433055198,0.014710367272449612,0.007355183636224824,0.007355183636224824,0.0,0.0,0.005907733059628376,0.007355183636224824,0.0,0.014142656259965638,0.0,0.007355183636224817,0.2540368784590675,0.007355183636224824,0.0,0.0,0.0,,0.007355183636224795,0.007355183636224798,0.007355183636224784,0.007355183636224821,,0.007355183636224824
HOSbal,30,3.0276503540974917,0.00976863971959527,0.012810834083289426,0.08173980490378943,0.09062284404763753,0.005903600515588077,0.015726355045099064,0.00604079142870452,47.32734703929407,52.47062670358214,52.470626703582134,47.327347039294075,0.0,0.0,0.018911102453077692,0.037729585149080376,0.09062284404763753,0.08173980490378943,0.03253883780500389,0.028672703121390565,0.14866076080552718,0.364966237304144,0.08173980490378943,0.08173980490378943,0.012081582857409031,0.00604079142870452,0.00604079142870452,0.0,0.0,0.009252730929013056,0.00604079142870452,0.0,0.015726355045099064,0.0,0.0060407914287045105,0.2086692941363508,0.00604079142870452,0.0,0.0,0.0,,0.0060407914287045035,0.006040791428704526,0.00604079142870452,0.006040791428704473,,0.00604079142870452
HOSbal,31,3.0276503540974917,0.009810483436133508,0.008361768546038784,0.014723879553870903,0.014592736736484238,0.00986332152742741,0.019612874675965623,0.009827543057395837,8.525126261691241,8.449194570424387,8.449194570424378,8.525126261691247,0.0,0.0,0.010860834886500519,0.010952836038576162,0.014592736736484238,0.014723879553870903,0.010234182853274734,0.010364421819489062,0.1434984001146904,0.14749981716551921,0.014723879553870889,0.014723879553870903,0.019655086114791602,0.009827543057395837,0.009827543057395837,0.0,0.0,0.00945250683882619,0.009827543057395837,0.0,0.019612874675965623,0.0,0.00982754305739581,0.3394352021360609,0.009827543057395837,0.0,0.0,0.0,,0.009827543057395837,0.009827543057395804,0.009827543057395844,0.00982754305739585,,0.009827543057395837
HOSbal,32,3.0276503540974917,0.008725371780247482,0.012152506373698637,0.01647060391585489,0.01564499509695011,0.013075703903000294,0.026215537048160962,0.013077509144042064,9.536479667279977,9.058452161134124,9.058452161134122,9.536479667279979,0.0,0.0,0.01530253099195146,0.013181864536187351,0.01564499509695011,0.01647060391585489,0.01344695128942209,0.013000928676399723,0.4232426524681486,0.27382199492255865,0.0164706039158549,0.01647060391585489,0.026155018288084128,0.013077509144042064,0.013077509144042064,0.0,0.0,0.013846840256173372,0.013077509144042064,0.0,0.026215537048160962,0.0,0.01307750914404207,0.45168618986511755,0.013077509144042064,0.0,0.0,0.0,,0.013077509144042054,0.013077509144042087,0.013077509144042095,0.013077509144042118,,0.013077509144042064
HOSbal,33,3.0276503540974917,0.011014792320579938,0.010835710648779737,0.0400191756352226,0.02058417960169174,0.0166186026725932,0.03019269840017891,0.01557838590507076,23.171102692793887,11.918239989379483,11.918239989379494,23.171102692793884,0.0,0.0,0.0225897826178328,0.012361625693149166,0.02058417960169174,0.0400191756352226,0.011375859869980085,0.023114936482799282,0.24315127999440145,0.15914005124249395,0.040019175635222594,0.0400191756352226,0.031156771810141533,0.01557838590507076,0.01557838590507076,0.0,0.0,0.01295771070954121,0.01557838590507076,0.0,0.03019269840017891,0.0,0.015578385905070779,0.5380570588115605,0.01557838590507076,0.0,0.0,0.0,,0.01557838590507075,0.015578385905070786,0.01557838590507076,0.015578385905070838,,0.01557838590507076
HOSbal,34,3.0276503540974917,0.01096595524451269,0.01400955478576715,0.016119746689694864,0.02012828866635545,0.008471402939952206,0.017296650229130163,0.008570083622764952,9.333333333333336,11.654279137819822,11.654279137819822,9.333333333333332,0.0,0.0,0.010041695978694972,0.013111582653041165,0.02012828866635545,0.016119746689694864,0.01040746881362022,0.008505393681822326,0.14750455595379805,0.1989242550186542,0.01611974668969488,0.016119746689694864,0.017140167245529886,0.008570083622764952,0.008570083622764952,0.0,0.0,0.009132502315127697,0.008570083622764952,0.0,0.017296650229130163,0.0,0.008570083622764966,0.2960053229060704,0.008570083622764952,0.0,0.0,0.0,,0.008570083622764952,0.008570083622764953,0.008570083622764945,0.008570083622765014,,0.008570083622764952
HOSbal,35,3.0276503540974917,0.015272966539231958,0.013114227780927346,0.02679597136725637,0.015323928214399709,0.01597568390575235,0.030803755492818975,0.01557838590507076,15.514867421641446,8.87255443613744,8.872554436137444,15.514867421641448,0.0,0.0,0.018156370187402248,0.014272834162078106,0.015323928214399709,0.02679597136725637,0.013502526063142124,0.01897637668891763,0.19748066969618994,0.18478793846811986,0.02679597136725639,0.02679597136725637,0.03115677181014158,0.01557838590507076,0.01557838590507076,0.0,0.0,0.013988391094839568,0.01557838590507076,0.0,0.030803755492818975,0.0,0.015578385905070774,0.5380615154323675,0.01557838590507076,0.0,0.0,0.0,,0.015578385905070786,0.015578385905070796,0.015578385905070765,0.01557838590507078,,0.01557838590507076
