id_data,id_estm,id_fold,roc,prauc,sens,spec,gmean,matt,score,tp,tn,fp,fn,sp0,sp1,p0,p1,r0,r1,fs0,fs1,nlike,plike,ber,bcr,min_samples_leaf,log_loss,rec_score,hamming_loss,cohen_kappa_score,n_estimators,min_samples_split,zero_one_loss,matthews_corrcoef,avg_prec_score,fbeta_score,accuracy,roc_auc_score,imb_sens_micro,f1_score,imb_spec_micro,prec_score
HOS,0,4.5,0.7739841784828811,0.841303247714554,0.7485453034081463,0.6568740955137483,0.7011267733334484,0.39853592448786973,0.7151003167898626,900.5,453.9,237.1,302.5,691.0,1203.0,0.6001133672531044,0.7916620281408061,0.6568740955137483,0.7485453034081463,0.6271235690164965,0.769451513560154,2.6144779549430996,2.186303751061549,0.2514546965918537,0.7485453034081463,5.0,9.840186550815472,0.7151003167898626,0.28489968321013726,0.3973888297280796,3.0,5.0,0.28489968321013726,0.39853592448786973,0.7523010776325614,0.7151003167898626,0.7151003167898626,0.7027096994609472,0.7151003167898626,0.7151003167898626,0.7151003167898626,0.7151003167898626
HOS,1,4.5,0.7955607243348455,0.8535566028314593,0.7686616791354945,0.6642547033285094,0.7144872221488073,0.42755069114319355,0.730570221752904,924.7,459.0,232.0,278.3,691.0,1203.0,0.6228227334504817,0.7994395493050377,0.6642547033285094,0.7686616791354945,0.6427541987085261,0.7836916922509772,2.880267705657409,2.2914125571762627,0.2313383208645054,0.7686616791354945,5.0,9.305872809359414,0.730570221752904,0.26942977824709613,0.4268799121767529,5.0,5.0,0.26942977824709613,0.42755069114319355,0.761453151885747,0.730570221752904,0.730570221752904,0.716458191232002,0.730570221752904,0.730570221752904,0.730570221752904,0.730570221752904
HOS,2,4.5,0.8174463744161065,0.8703085037602032,0.7974231088944306,0.6782923299565847,0.735391180189142,0.4728418160612575,0.7539598732840548,959.3,468.7,222.3,243.7,691.0,1203.0,0.6581037756513036,0.8118926653953151,0.6782923299565847,0.7974231088944306,0.6679512221568902,0.8045523510472016,3.3594930751707657,2.483886556874002,0.20257689110556942,0.7974231088944306,5.0,8.498018770082952,0.7539598732840548,0.24604012671594505,0.4726209382607928,10.0,5.0,0.24604012671594505,0.4728418160612575,0.776121916611903,0.7539598732840548,0.7539598732840548,0.7378577194255075,0.7539598732840548,0.7539598732840547,0.7539598732840548,0.7539598732840548
HOS,3,4.5,0.839399571500578,0.8889330350088207,0.8201995012468828,0.6876989869753979,0.7510223287981594,0.507865507942415,0.7718585005279832,986.7,475.2,215.8,216.3,691.0,1203.0,0.6873005242516017,0.8205356639605128,0.6876989869753979,0.8201995012468828,0.6874713523875375,0.8203561495831302,3.8311524578883414,2.626993501319814,0.17980049875311724,0.8201995012468828,5.0,7.87981934179849,0.7718585005279832,0.22814149947201687,0.5078394786348487,100.0,5.0,0.22814149947201687,0.507865507942415,0.7872174935035341,0.7718585005279832,0.7718585005279832,0.7539492441111404,0.7718585005279832,0.7718585005279831,0.7718585005279832,0.7718585005279832
HOS,4,4.5,0.7610156350561128,0.8318205804363762,0.7355777223607648,0.6461649782923301,0.6893909628332693,0.37460876367270673,0.7029567053854276,884.9,446.5,244.5,318.1,691.0,1203.0,0.5841053902600278,0.7835061402060366,0.6461649782923301,0.7355777223607648,0.613517933973857,0.7587567260272639,2.4476095687149027,2.080046240975857,0.2644222776392352,0.7355777223607648,5.0,10.25961515382705,0.7029567053854276,0.29704329461457235,0.3733142222218329,3.0,50.0,0.2970432946145723,0.37460876367270673,0.7443070480927563,0.7029567053854276,0.7029567053854276,0.6908713503265473,0.7029567053854276,0.7029567053854276,0.7029567053854276,0.7029567053854276
HOS,5,4.5,0.7814069505445264,0.843112862882092,0.7553615960099751,0.6593342981186686,0.7055695833530045,0.40843582939426726,0.7203273495248153,908.7,455.6,235.4,294.3,691.0,1203.0,0.6079830231056257,0.7943056548443408,0.6593342981186686,0.7553615960099751,0.6323917676319517,0.7742282787360866,2.7054211567236868,2.2198975495801916,0.24463840399002496,0.7553615960099751,5.0,9.659650518278383,0.7203273495248153,0.2796726504751848,0.40737058532616616,5.0,50.0,0.2796726504751848,0.40843582939426726,0.7553572167885753,0.7203273495248153,0.7203273495248153,0.7073479470643219,0.7203273495248153,0.7203273495248151,0.7203273495248153,0.7203273495248153
HOS,6,4.5,0.7952037417310558,0.8563870544385355,0.7639235245220283,0.6670043415340088,0.7137115824802576,0.42480198840812494,0.7285638859556495,919.0,460.9,230.1,284.0,691.0,1203.0,0.6189426269361548,0.7998332407715794,0.6670043415340088,0.7639235245220283,0.6419262560240014,0.7813912587767116,2.831097168692413,2.29804368420425,0.23607647547797175,0.7639235245220283,5.0,9.375168390703415,0.7285638859556495,0.2714361140443506,0.4238986482494904,10.0,50.0,0.2714361140443506,0.42480198840812494,0.760939373366041,0.7285638859556494,0.7285638859556495,0.7154639330280185,0.7285638859556495,0.7285638859556495,0.7285638859556495,0.7285638859556495
HOS,7,4.5,0.8108050544165394,0.867648354104532,0.7795511221945137,0.680752532561505,0.7284514384522611,0.4546929997266834,0.7435058078141499,937.8,470.4,220.6,265.2,691.0,1203.0,0.63957907411631,0.80957611063635,0.680752532561505,0.7795511221945137,0.6594764731247893,0.7942573052042939,3.0914974241756115,2.4428084668753156,0.22044887780548633,0.7795511221945137,5.0,8.85908868207007,0.7435058078141499,0.25649419218585007,0.45408155569550523,100.0,50.0,0.25649419218585007,0.4546929997266834,0.771127410153028,0.7435058078141499,0.7435058078141499,0.7301518273780093,0.7435058078141499,0.7435058078141499,0.7435058078141499,0.7435058078141499
HOS,8,4.5,0.7392009003059163,0.8182412497128373,0.6995843724023276,0.640231548480463,0.6689572324853053,0.3312688000423651,0.6779303062302006,841.6,442.4,248.6,361.4,691.0,1203.0,0.5508462353412464,0.772102511783019,0.640231548480463,0.6995843724023276,0.5918611537834877,0.733835943673031,2.1380998444247306,1.9485598761277263,0.3004156275976725,0.6995843724023276,50.0,11.123998089132346,0.6779303062302006,0.3220696937697993,0.3284720992914404,3.0,5.0,0.3220696937697993,0.3312688000423651,0.7309162718478689,0.6779303062302006,0.6779303062302006,0.6699079604413953,0.6779303062302006,0.6779303062302006,0.6779303062302006,0.6779303062302006
HOS,9,4.5,0.7500558781531459,0.8277084273428331,0.7084788029925188,0.6376266280752533,0.6720623509288243,0.3378900050450753,0.6826293558606125,852.3,440.6,250.4,350.7,691.0,1203.0,0.5569451480212082,0.7729277000318033,0.6376266280752533,0.7084788029925188,0.5944913381498098,0.7392570047085064,2.190724471356103,1.9570500612532489,0.29152119700748125,0.7084788029925188,50.0,10.961699424592046,0.6826293558606125,0.3173706441393876,0.33576446205875615,5.0,5.0,0.31737064413938754,0.3378900050450753,0.732796881371877,0.6826293558606125,0.6826293558606125,0.6730527155338859,0.6826293558606125,0.6826293558606125,0.6826293558606125,0.6826293558606125
HOS,10,4.5,0.7627583838281768,0.8356789137697614,0.7179551122194513,0.6564399421128798,0.6863455895469572,0.3655264486027934,0.6955121436114045,863.7,453.6,237.4,339.3,691.0,1203.0,0.5724109217863171,0.7844660839526705,0.6564399421128798,0.7179551122194513,0.6113514529735221,0.7496092132447002,2.3333824595023565,2.0924903479434476,0.28204488778054865,0.7179551122194513,50.0,10.51673821086321,0.6955121436114045,0.30448785638859555,0.36305633842856844,10.0,5.0,0.30448785638859555,0.3655264486027934,0.7423364798276338,0.6955121436114045,0.6955121436114045,0.6871975271661656,0.6955121436114045,0.6955121436114045,0.6955121436114045,0.6955121436114045
HOS,11,4.5,0.7695239710660637,0.8415303809747577,0.727597672485453,0.650506512301013,0.6878820136300117,0.3701356392522393,0.6994720168954593,875.3,449.5,241.5,327.7,691.0,1203.0,0.5785401435963919,0.7838010927382355,0.650506512301013,0.727597672485453,0.6123011189194536,0.7545849322768613,2.391263314137256,2.0831944873314843,0.27240232751454696,0.727597672485453,50.0,10.379970763866183,0.6994720168954593,0.30052798310454065,0.3683502676845691,100.0,5.0,0.30052798310454065,0.3701356392522393,0.7432932658969753,0.6994720168954593,0.6994720168954593,0.6890520923932331,0.6994720168954593,0.6994720168954593,0.6994720168954593,0.6994720168954593
HOS,12,4.5,0.7437996302057207,0.8210609555603146,0.7131338320864506,0.6331403762662807,0.671724112685139,0.3387803754438889,0.6839493136219642,857.9,437.5,253.5,345.1,691.0,1203.0,0.5594668062095136,0.7719962821516698,0.6331403762662807,0.7131338320864506,0.5937573235502773,0.7412343372323849,2.216011012262224,1.9480586322270554,0.28686616791354946,0.7131338320864506,50.0,10.916111007361188,0.6839493136219642,0.31605068637803596,0.33683730800947054,3.0,50.0,0.31605068637803596,0.3387803754438889,0.7327446029211161,0.6839493136219642,0.6839493136219642,0.6731371041763656,0.6839493136219642,0.6839493136219642,0.6839493136219642,0.6839493136219642
HOS,13,4.5,0.7509693566373501,0.8276568353652323,0.7101413133832086,0.6397973950795948,0.6738795479159245,0.34176788191030427,0.6844772967265047,854.3,442.1,248.9,348.7,691.0,1203.0,0.5593233606571961,0.7744752922496566,0.6397973950795948,0.7101413133832086,0.596658548883956,0.7407919162306514,2.212264482940759,1.9750722545781556,0.28985868661679126,0.7101413133832086,50.0,10.897873174973075,0.6844772967265047,0.3155227032734952,0.33953031251191856,5.0,50.0,0.31552270327349524,0.34176788191030427,0.7340750884984892,0.6844772967265047,0.6844772967265047,0.6749693542314017,0.6844772967265047,0.6844772967265047,0.6844772967265047,0.6844772967265047
HOS,14,4.5,0.7586314002740376,0.8334578407029808,0.716375727348296,0.6460202604920406,0.6802234852151503,0.35404302246991165,0.6907074973600845,861.8,446.4,244.6,341.2,691.0,1203.0,0.5669520223413981,0.778934870315613,0.6460202604920406,0.716375727348296,0.6038250629230967,0.7462949830969293,2.281829020197617,2.0259563305953,0.2836242726517041,0.716375727348296,50.0,10.682687853046518,0.6907074973600845,0.3092925026399155,0.35195943684811093,10.0,50.0,0.3092925026399155,0.35404302246991165,0.7381848648922663,0.6907074973600845,0.6907074973600845,0.6811979939201682,0.6907074973600845,0.6907074973600845,0.6907074973600845,0.6907074973600845
HOS,15,4.5,0.769105997668636,0.8411723319773147,0.728927680798005,0.6473227206946455,0.686753793259971,0.3686816998498305,0.6991552270327348,876.9,447.3,243.7,326.1,691.0,1203.0,0.5786707868322645,0.7826051842881739,0.6473227206946455,0.728927680798005,0.6108729265263699,0.754691540243829,2.3934780275633076,2.0690464047034887,0.271072319201995,0.728927680798005,50.0,10.39091322688165,0.6991552270327348,0.3008447729672651,0.3669792461862071,100.0,50.0,0.3008447729672651,0.3686816998498305,0.7426026642031606,0.6991552270327348,0.6991552270327348,0.6881252007463251,0.6991552270327348,0.6991552270327348,0.6991552270327348,0.6991552270327348
HOS,16,4.5,0.7206019562766984,0.8035104984037525,0.6630091438071487,0.6544138929088278,0.6584769805664448,0.30718994650130016,0.6598732840549103,797.6,452.2,238.8,405.4,691.0,1203.0,0.5276537577044941,0.7696348750347959,0.6544138929088278,0.6630091438071487,0.5840268547254684,0.7121621279276795,1.9471218449195593,1.9208280647970504,0.33699085619285124,0.6630091438071487,100.0,11.747661403098096,0.6598732840549103,0.3401267159450898,0.30202504426098203,3.0,5.0,0.3401267159450898,0.30718994650130016,0.7243213866501267,0.6598732840549103,0.6598732840549103,0.6587115183579882,0.6598732840549103,0.6598732840549103,0.6598732840549103,0.6598732840549103
HOS,17,4.5,0.7324558839274221,0.8133310450171332,0.686284289276808,0.6412445730824892,0.6631065426730505,0.31841155346918126,0.6698521647307287,825.6,443.1,247.9,377.4,691.0,1203.0,0.5402896415180145,0.7692642314227351,0.6412445730824892,0.686284289276808,0.5861941515879618,0.7252071949105638,2.0477634818314776,1.918098032266083,0.31371571072319204,0.686284289276808,100.0,11.403006916547303,0.6698521647307287,0.3301478352692714,0.31497500953127044,5.0,5.0,0.33014783526927133,0.31841155346918126,0.727119957443384,0.6698521647307287,0.6698521647307287,0.6637644311796487,0.6698521647307287,0.6698521647307287,0.6698521647307287,0.6698521647307287
HOS,18,4.5,0.7397593810938163,0.8194716712277852,0.6895261845386534,0.6532561505065123,0.6708952434313146,0.3330226454310365,0.6762935586061246,829.5,451.4,239.6,373.5,691.0,1203.0,0.5474918247050811,0.7760569529328611,0.6532561505065123,0.6895261845386534,0.5954596066651191,0.7300519954922012,2.1075487362072387,1.992540510222931,0.3104738154613466,0.6895261845386534,100.0,11.180525549769806,0.6762935586061246,0.3237064413938754,0.3292212943384941,10.0,5.0,0.3237064413938754,0.3330226454310365,0.7322296992770303,0.6762935586061246,0.6762935586061246,0.671391167522583,0.6762935586061246,0.6762935586061246,0.6762935586061246,0.6762935586061246
HOS,19,4.5,0.7456300757994065,0.825219812091197,0.6934330839567747,0.6607814761215629,0.6767793451569608,0.34395611349206634,0.6815205913410771,834.2,456.6,234.4,368.8,691.0,1203.0,0.5532101198992754,0.7807878754072487,0.6607814761215629,0.6934330839567747,0.6021157331407168,0.734438509740355,2.1562870329158152,2.0494971560107538,0.3065669160432252,0.6934330839567747,100.0,10.99998803962395,0.6815205913410771,0.3184794086589229,0.3400984256056268,100.0,5.0,0.3184794086589229,0.34395611349206634,0.7361029275278852,0.6815205913410771,0.6815205913410771,0.6771072800391689,0.6815205913410771,0.6815205913410771,0.6815205913410771,0.6815205913410771
HOS,20,4.5,0.7242335550414845,0.8069905460007665,0.6824605153782212,0.6410998552821996,0.6613121622594733,0.3143130512436887,0.6673706441393875,821.0,443.0,248.0,382.0,691.0,1203.0,0.5373356265823013,0.7679983079224081,0.6410998552821996,0.6824605153782212,0.5844805654738725,0.7225774304282349,2.024153850275341,1.9019806052273172,0.3175394846217789,0.6824605153782212,100.0,11.488715643588394,0.6673706441393875,0.3326293558606125,0.3108340242758336,3.0,50.0,0.3326293558606125,0.3143130512436887,0.7258349996976776,0.6673706441393875,0.6673706441393875,0.6617801853302103,0.6673706441393875,0.6673706441393875,0.6673706441393875,0.6673706441393875
HOS,21,4.5,0.7335665298884962,0.8148618380696456,0.6878636741479635,0.6522431259044862,0.6695810992969149,0.33040359464565683,0.6748680042238647,827.5,450.7,240.3,375.5,691.0,1203.0,0.5459345629926973,0.775052123627311,0.6522431259044862,0.6878636741479635,0.5941053845414207,0.7286721641713504,2.0971201432044424,1.9824799348705866,0.31213632585203654,0.6878636741479635,100.0,11.229762749339216,0.6748680042238647,0.32513199577613516,0.3265862862946988,5.0,50.0,0.32513199577613516,0.33040359464565683,0.731381835315674,0.6748680042238647,0.6748680042238647,0.6700534000262248,0.6748680042238647,0.6748680042238647,0.6748680042238647,0.6748680042238647
HOS,22,4.5,0.74091598067061,0.8206562486873803,0.6916874480465502,0.6502170767004342,0.6704509979262673,0.33236814859448116,0.6765575501583949,832.1,449.3,241.7,370.9,691.0,1203.0,0.5481258387661487,0.7749790265759875,0.6502170767004342,0.6916874480465502,0.5946162874992259,0.7308233283889783,2.114069417040947,1.9797735783661259,0.3083125519534497,0.6916874480465502,100.0,11.171408491141058,0.6765575501583949,0.3234424498416051,0.32888077129272386,10.0,50.0,0.3234424498416051,0.33236814859448116,0.7318520509397496,0.6765575501583949,0.6765575501583949,0.6709522623734923,0.6765575501583949,0.6765575501583949,0.6765575501583949,0.6765575501583949
HOS,23,4.5,0.7451927345168192,0.8247341737675823,0.6880299251870323,0.6632416787264834,0.6753782076481769,0.34075523433905114,0.6789862724392821,827.7,458.3,232.7,375.3,691.0,1203.0,0.5498752956927168,0.7806817239290404,0.6632416787264834,0.6880299251870323,0.601127536304493,0.7313315449598082,2.127133048800448,2.0465617798770603,0.31197007481296757,0.6880299251870323,100.0,11.087519595790761,0.6789862724392821,0.3210137275607181,0.33647933471302593,100.0,50.0,0.3210137275607181,0.34075523433905114,0.7352283073788807,0.6789862724392821,0.6789862724392821,0.6756358019567579,0.6789862724392821,0.6789862724392821,0.6789862724392821,0.6789862724392821
HOSbal,0,4.5,0.7716501808448923,0.7564070832388341,0.7439942112879885,0.6568740955137483,0.6989954757653213,0.4024806934286075,0.7004341534008682,514.1,453.9,237.1,176.9,691.0,691.0,0.7196158641342569,0.6844849440170306,0.6568740955137483,0.7439942112879885,0.6867243672415106,0.7129324927976102,2.572702904701784,2.173483784300231,0.2560057887120116,0.7439942112879885,5.0,10.346774972535256,0.7004341534008682,0.2995658465991317,0.40086830680173663,3.0,5.0,0.29956584659913177,0.4024806934286075,0.6373077960523561,0.7004341534008682,0.7004341534008682,0.7004341534008682,0.7004341534008682,0.7004341534008683,0.7004341534008682,0.7004341534008682
HOSbal,1,4.5,0.7941190330086432,0.7730911735237906,0.765123010130246,0.6642547033285094,0.7128487852135478,0.43165622003024773,0.7146888567293777,528.7,459.0,232.0,162.3,691.0,691.0,0.7388901857480261,0.6950581281514313,0.6642547033285094,0.765123010130246,0.6995157832574262,0.7283596837872875,2.8348742355142322,2.2809391314911434,0.23487698986975394,0.765123010130246,5.0,9.85443201093856,0.7146888567293777,0.2853111432706223,0.4293777134587554,5.0,5.0,0.28531114327062224,0.43165622003024773,0.6492631134548195,0.7146888567293777,0.7146888567293777,0.7146888567293778,0.7146888567293777,0.7146888567293777,0.7146888567293777,0.7146888567293777
HOSbal,2,4.5,0.8151772531263024,0.7965667188004757,0.7888567293777135,0.6782923299565847,0.7314156124852416,0.47013746274970075,0.733574529667149,545.1,468.7,222.3,145.9,691.0,691.0,0.762756321448079,0.7103914658160727,0.6782923299565847,0.7888567293777135,0.7179518217774477,0.7475069641337871,3.2277581483105977,2.457083728882435,0.21114327062228658,0.7888567293777135,5.0,9.202138364048368,0.733574529667149,0.2664254703328509,0.4671490593342981,10.0,5.0,0.26642547033285097,0.47013746274970075,0.6660223705801973,0.733574529667149,0.733574529667149,0.733574529667149,0.733574529667149,0.733574529667149,0.733574529667149,0.733574529667149
HOSbal,3,4.5,0.8374425369805291,0.8246767712173592,0.815918958031838,0.6876989869753979,0.749057970740473,0.5078368602554203,0.7518089725036179,563.8,475.2,215.8,127.2,691.0,691.0,0.7889025272493281,0.7231892815190093,0.6876989869753979,0.815918958031838,0.7348131900871315,0.7667485302099972,3.7432882712137205,2.6132766585076093,0.18408104196816208,0.815918958031838,5.0,8.572339259464398,0.7518089725036179,0.24819102749638203,0.503617945007236,100.0,5.0,0.24819102749638203,0.5078368602554203,0.6821229080174028,0.7518089725036179,0.7518089725036179,0.7518089725036179,0.7518089725036179,0.7518089725036179,0.7518089725036179,0.7518089725036179
HOSbal,4,4.5,0.7590561718686188,0.742237167566249,0.7335745296671492,0.6461649782923301,0.6884211782054924,0.3812969994594847,0.6898697539797396,506.9,446.5,244.5,184.1,691.0,691.0,0.7083128315771713,0.6745492744843746,0.6461649782923301,0.7335745296671492,0.675736232603566,0.7027690457484747,2.4373660632640224,2.0745186652194465,0.26642547033285097,0.7335745296671492,5.0,10.711660683379451,0.6898697539797396,0.3101302460202605,0.37973950795947903,3.0,50.0,0.3101302460202605,0.3812969994594847,0.6281559324404165,0.6898697539797396,0.6898697539797396,0.6898697539797396,0.6898697539797396,0.6898697539797396,0.6898697539797396,0.6898697539797396
HOSbal,5,4.5,0.7772139624403902,0.7564266735540586,0.7481910274963821,0.6593342981186686,0.7022083966145558,0.4093303082020817,0.7037626628075253,517.0,455.6,235.4,174.0,691.0,691.0,0.7239123275922996,0.6872347009478267,0.6593342981186686,0.7481910274963821,0.6899361723992016,0.7162927307989692,2.627712883786609,2.198749530071731,0.25180897250361794,0.7481910274963821,5.0,10.231811346824532,0.7037626628075253,0.29623733719247464,0.4075253256150507,5.0,50.0,0.29623733719247464,0.4093303082020817,0.6400621660751742,0.7037626628075253,0.7037626628075253,0.7037626628075253,0.7037626628075253,0.7037626628075253,0.7037626628075253,0.7037626628075253
HOSbal,6,4.5,0.7916574690930112,0.7767078747514756,0.7574529667149059,0.6670043415340088,0.7106691172440367,0.4263579005554045,0.7122286541244573,523.4,460.9,230.1,167.6,691.0,691.0,0.7335373771049192,0.6947323622165504,0.6670043415340088,0.7574529667149059,0.6985437537514536,0.7246335950104206,2.7607730485078847,2.278648737050707,0.24254703328509403,0.7574529667149059,5.0,9.93940329929426,0.7122286541244573,0.2877713458755427,0.4244573082489146,10.0,50.0,0.28777134587554276,0.4263579005554045,0.6475107805132114,0.7122286541244573,0.7122286541244573,0.7122286541244573,0.7122286541244573,0.7122286541244573,0.7122286541244573,0.7122286541244573
HOSbal,7,4.5,0.8071026909971287,0.7920608223746827,0.7696092619392185,0.680752532561505,0.7237965995090301,0.4521800223346964,0.7251808972503617,531.8,470.4,220.6,159.2,691.0,691.0,0.7471774440760293,0.7068286538598987,0.680752532561505,0.7696092619392185,0.7123925464488962,0.7368645183082777,2.9571360520230665,2.4117420035144286,0.23039073806078153,0.7696092619392185,5.0,9.492043173647017,0.7251808972503617,0.2748191027496382,0.45036179450072356,100.0,50.0,0.2748191027496382,0.4521800223346964,0.6591797919352003,0.7251808972503617,0.7251808972503617,0.7251808972503617,0.7251808972503617,0.7251808972503617,0.7251808972503617,0.7251808972503617
HOSbal,8,4.5,0.7351784678343224,0.7224209598444317,0.6936324167872647,0.640231548480463,0.6661277640518309,0.3345804293730669,0.6669319826338641,479.3,442.4,248.6,211.7,691.0,691.0,0.6766162124311919,0.658683814318929,0.640231548480463,0.6936324167872647,0.6576590017735083,0.6754890489978994,2.095651104171778,1.932317670270017,0.30636758321273516,0.6936324167872647,50.0,11.503905611069852,0.6669319826338641,0.33306801736613606,0.3338639652677279,3.0,5.0,0.33306801736613606,0.3345804293730669,0.6100200203111635,0.6669319826338641,0.6669319826338641,0.6669319826338641,0.6669319826338641,0.6669319826338641,0.6669319826338641,0.6669319826338641
HOSbal,9,4.5,0.7462664482984663,0.7359066615560604,0.7062228654124458,0.6376266280752533,0.6709707943212007,0.3447458034779164,0.6719247467438494,488.0,440.6,250.4,203.0,691.0,691.0,0.6847535438683858,0.6608917531727265,0.6376266280752533,0.7062228654124458,0.6602679330231079,0.6827421565939037,2.177083861684624,1.9508155209079838,0.29377713458755433,0.7062228654124458,50.0,11.331462689326354,0.6719247467438494,0.3280752532561505,0.34384949348769905,5.0,5.0,0.3280752532561505,0.3447458034779164,0.6137028067467568,0.6719247467438494,0.6719247467438494,0.6719247467438494,0.6719247467438494,0.6719247467438494,0.6719247467438494,0.6719247467438494
HOSbal,10,4.5,0.7586014940908645,0.7464110784540917,0.7157742402315483,0.6564399421128798,0.6853085110101655,0.37303425978209814,0.6861070911722141,494.6,453.6,237.4,196.4,691.0,691.0,0.6980498990659926,0.6758075715197116,0.6564399421128798,0.7157742402315483,0.6764409391960335,0.6950848313790396,2.3147621064399293,2.0861553013309027,0.28422575976845155,0.7157742402315483,50.0,10.84161434482068,0.6861070911722141,0.31389290882778587,0.3722141823444283,10.0,5.0,0.31389290882778587,0.37303425978209814,0.6258051510336514,0.6861070911722142,0.6861070911722141,0.6861070911722141,0.6861070911722141,0.6861070911722141,0.6861070911722141,0.6861070911722141
HOSbal,11,4.5,0.7651572523304593,0.7544737940792917,0.7241678726483359,0.650506512301013,0.686272743462491,0.3757756430162408,0.6873371924746744,500.4,449.5,241.5,190.6,691.0,691.0,0.7023317378449578,0.6745494011960245,0.650506512301013,0.7241678726483359,0.675343173783674,0.698415353492471,2.3614013570969647,2.073623150436809,0.2758321273516643,0.7241678726483359,50.0,10.799130523169534,0.6873371924746744,0.3126628075253256,0.3746743849493488,100.0,5.0,0.3126628075253256,0.3757756430162408,0.6263922132228819,0.6873371924746744,0.6873371924746744,0.6873371924746744,0.6873371924746744,0.6873371924746744,0.6873371924746744,0.6873371924746744
HOSbal,12,4.5,0.7399293375024346,0.7271074596125172,0.7068017366136035,0.6331403762662807,0.6686932546412703,0.3411226709492316,0.669971056439942,488.4,437.5,253.5,202.6,691.0,691.0,0.6838480380165854,0.6584620793577237,0.6331403762662807,0.7068017366136035,0.6572462897764272,0.681566292014212,2.1693062586845824,1.930272793312395,0.29319826338639654,0.7068017366136035,50.0,11.398942555475626,0.669971056439942,0.3300289435600579,0.3399421128798842,3.0,50.0,0.33002894356005785,0.3411226709492316,0.6119975267804405,0.669971056439942,0.669971056439942,0.6699710564399421,0.669971056439942,0.669971056439942,0.669971056439942,0.669971056439942
HOSbal,13,4.5,0.7456630735044955,0.7343902545825263,0.7052098408104197,0.6397973950795948,0.67154962470731,0.34589417517957444,0.6725036179450073,487.3,442.1,248.9,203.7,691.0,691.0,0.6847185568149631,0.6620667207757401,0.6397973950795948,0.7052098408104197,0.6613327088530758,0.682832594782117,2.174821715835026,1.9615977586877977,0.2947901591895803,0.7052098408104197,50.0,11.311468318478257,0.6725036179450073,0.32749638205499276,0.3450072358900145,5.0,50.0,0.32749638205499276,0.34589417517957444,0.6142808041722455,0.6725036179450073,0.6725036179450073,0.6725036179450072,0.6725036179450073,0.6725036179450073,0.6725036179450073,0.6725036179450073
HOSbal,14,4.5,0.7547829128279449,0.7437061405227555,0.7134587554269174,0.6460202604920406,0.6788191918531242,0.3603886153335166,0.6797395079594789,493.0,446.4,244.6,198.0,691.0,691.0,0.692872773596934,0.6684287904932803,0.6460202604920406,0.7134587554269174,0.6685368723735512,0.6901414335236161,2.259339752084149,2.0174675361656687,0.2865412445730825,0.7134587554269174,50.0,11.06154704335665,0.6797395079594789,0.320260492040521,0.35947901591895803,10.0,50.0,0.32026049204052104,0.3603886153335166,0.6201954903744027,0.6797395079594789,0.6797395079594789,0.6797395079594789,0.6797395079594789,0.6797395079594789,0.6797395079594789,0.6797395079594789
HOSbal,15,4.5,0.7648702252026782,0.7540164240084333,0.7251808972503619,0.6473227206946455,0.6849971872637632,0.373794554603414,0.6862518089725036,501.1,447.3,243.7,189.9,691.0,691.0,0.7021776947225147,0.6729142330326798,0.6473227206946455,0.7251808972503619,0.6734738630681315,0.6979481120198623,2.3607674394679146,2.0586134370969362,0.27481910274963817,0.7251808972503619,50.0,10.83661961412953,0.6862518089725036,0.3137481910274964,0.37250361794500725,100.0,50.0,0.3137481910274964,0.373794554603414,0.6253602742475481,0.6862518089725036,0.6862518089725036,0.6862518089725036,0.6862518089725036,0.6862518089725036,0.6862518089725036,0.6862518089725036
HOSbal,16,4.5,0.715765653502443,0.7009719905639413,0.6577424023154848,0.6544138929088278,0.6558429139962353,0.31234070541158687,0.6560781476121563,454.5,452.2,238.8,236.5,691.0,691.0,0.6568975509577155,0.655627953333432,0.6544138929088278,0.6577424023154848,0.6554613568377405,0.6564809009416191,1.9180565614212575,1.9055768694672046,0.3422575976845152,0.6577424023154848,100.0,11.878778121828782,0.6560781476121563,0.34392185238784373,0.3121562952243126,3.0,5.0,0.34392185238784373,0.31234070541158687,0.6023912312034317,0.6560781476121563,0.6560781476121563,0.6560781476121562,0.6560781476121563,0.6560781476121563,0.6560781476121563,0.6560781476121563
HOSbal,17,4.5,0.7279875010733411,0.7145921128978775,0.6839363241678726,0.6412445730824892,0.6619737272080112,0.3257103620566575,0.6625904486251809,472.6,443.1,247.9,218.4,691.0,691.0,0.6700357252531626,0.6562052946169477,0.6412445730824892,0.6839363241678726,0.6550770851224249,0.6695514493461575,2.0335855359782835,1.9117475397194172,0.3160636758321273,0.6839363241678726,100.0,11.653856478400723,0.6625904486251809,0.3374095513748191,0.3251808972503618,5.0,5.0,0.3374095513748191,0.3257103620566575,0.6067728373224881,0.6625904486251809,0.6625904486251809,0.6625904486251809,0.6625904486251809,0.6625904486251809,0.6625904486251809,0.6625904486251809
HOSbal,18,4.5,0.7350857939897085,0.7224412819638631,0.6879884225759769,0.6532561505065123,0.6701855053556292,0.3416403080448839,0.6706222865412446,475.4,451.4,239.6,215.6,691.0,691.0,0.6768928242627406,0.6651442616119112,0.6532561505065123,0.6879884225759769,0.6646621009363279,0.6761952620356722,2.0962730663108022,1.9886960721921754,0.3120115774240232,0.6879884225759769,100.0,11.376441822364413,0.6706222865412446,0.3293777134587554,0.3412445730824891,10.0,5.0,0.3293777134587554,0.3416403080448839,0.6135351088512413,0.6706222865412446,0.6706222865412446,0.6706222865412446,0.6706222865412446,0.6706222865412446,0.6706222865412446,0.6706222865412446
HOSbal,19,4.5,0.741125615469516,0.7313031360297814,0.6895803183791606,0.6607814761215629,0.6748928154062392,0.35063028967118093,0.6751808972503618,476.5,456.6,234.4,214.5,691.0,691.0,0.6803934466214816,0.6705057084223451,0.6607814761215629,0.6895803183791606,0.6703163856105299,0.6797917024745316,2.1299712669118205,2.0380889326505383,0.3104196816208394,0.6895803183791606,100.0,11.218989977795255,0.6751808972503618,0.32481910274963816,0.3503617945007236,100.0,5.0,0.32481910274963816,0.35063028967118093,0.6175302352463616,0.6751808972503618,0.6751808972503618,0.6751808972503618,0.6751808972503618,0.6751808972503618,0.6751808972503618,0.6751808972503618
HOSbal,20,4.5,0.7194971108798046,0.7065984579799153,0.6777134587554269,0.6410998552821996,0.6590004901853506,0.3191616752974057,0.6594066570188133,468.3,443.0,248.0,222.7,691.0,691.0,0.6657431804710036,0.6537675581999634,0.6410998552821996,0.6777134587554269,0.6530493639664036,0.6654000970296248,1.9945665775970387,1.8886969336173063,0.32228654124457307,0.6777134587554269,100.0,11.763820802639035,0.6594066570188133,0.3405933429811867,0.31881331403762664,3.0,50.0,0.3405933429811867,0.3191616752974057,0.6042364255635764,0.6594066570188132,0.6594066570188133,0.6594066570188134,0.6594066570188133,0.6594066570188133,0.6594066570188133,0.6594066570188133
HOSbal,21,4.5,0.7291394840841835,0.7176347845645165,0.6813314037626628,0.6522431259044862,0.6664114141918417,0.3339174133715065,0.6667872648335745,470.8,450.7,240.3,220.2,691.0,691.0,0.6720152415330418,0.6622460759882265,0.6522431259044862,0.6813314037626628,0.6617732106158478,0.671468622932361,2.053343025727434,1.9639210242912584,0.3186685962373372,0.6813314037626628,100.0,11.50889918460119,0.6667872648335745,0.33321273516642547,0.3335745296671491,5.0,50.0,0.33321273516642547,0.3339174133715065,0.61055057800444,0.6667872648335745,0.6667872648335745,0.6667872648335745,0.6667872648335745,0.6667872648335745,0.6667872648335745,0.6667872648335745
HOSbal,22,4.5,0.7363102406169041,0.7251911155306261,0.6861070911722142,0.6502170767004342,0.6677356051531417,0.33671928292796266,0.6681620839363241,474.1,449.3,241.7,216.9,691.0,691.0,0.6746784268272064,0.6624372935232634,0.6502170767004342,0.6861070911722142,0.6620389677059424,0.6739087812172255,2.077140783243343,1.9638065730196275,0.31389290882778587,0.6861070911722142,100.0,11.461415425039737,0.6681620839363241,0.33183791606367585,0.33632416787264835,10.0,50.0,0.33183791606367585,0.33671928292796266,0.6114345447453182,0.6681620839363241,0.6681620839363241,0.668162083936324,0.6681620839363241,0.6681620839363241,0.6681620839363241,0.6681620839363241
HOSbal,23,4.5,0.7406162758308708,0.7305442300376787,0.6833574529667149,0.6632416787264834,0.6731110455402464,0.34677076165402887,0.6732995658465992,472.2,458.3,232.7,218.8,691.0,691.0,0.6768720451356999,0.6700705334827399,0.6632416787264834,0.6833574529667149,0.6698821312909929,0.6765501658805441,2.095401612397937,2.033187042568432,0.3166425470332851,0.6833574529667149,100.0,11.283967878888696,0.6732995658465992,0.3267004341534009,0.3465991316931982,100.0,50.0,0.3267004341534009,0.34677076165402887,0.616172294991684,0.6732995658465992,0.6732995658465992,0.6732995658465992,0.6732995658465992,0.6732995658465992,0.6732995658465992,0.6732995658465992
